household_size,number_of_rooms,daily_supply_hours,light_bulb_count,fan_count,television_count,fridge_count,ac_count,average_ac_usage_hours,bulb_energy_proxy,fan_energy_proxy,tv_energy_proxy,fridge_energy_proxy,ac_energy_proxy,total_selected_appliances,cooling_appliance_count,room_person_ratio,Actual_kWh,Predicted_kWh,Difference
14,5,1.0,5,0,0,0,0,0,5.0,0.0,0.0,0,0,5,0,0.35714285714285715,3.93,1.124455723237704,2.805544276762296
4,5,18.0,8,4,1,0,0,0,48.0,32.0,4.0,0,0,13,4,1.25,111.825,88.55629306397401,23.268706936025993
8,6,6.0,15,1,0,0,0,0,90.0,6.0,0.0,0,0,16,1,0.75,3.375,11.14909999672522,-7.774099996725219
5,4,8.0,5,3,1,1,0,0,30.0,24.0,4.0,12,0,10,3,0.8,36.3,49.34987463800512,-13.049874638005122
14,6,1.0,6,0,0,0,0,0,6.0,0.0,0.0,0,0,6,0,0.42857142857142855,2.5200000000000005,1.2726408922121264,1.247359107787874
5,3,10.0,9,3,1,1,0,0,54.0,24.0,4.0,12,0,14,3,0.6,69.62500000000001,66.6639543266809,2.96104567331912
6,4,6.0,3,0,0,0,0,0,18.0,0.0,0.0,0,0,3,0,0.6666666666666666,1.65,1.69049833710678,-0.04049833710678019
8,3,0.0,2,1,0,0,0,0,0.0,0.0,0.0,0,0,3,1,0.375,0.5700000000000001,3.758320816411665,-3.1883208164116645
6,5,8.0,12,5,2,1,0,0,72.0,40.0,8.0,12,0,20,5,0.8333333333333334,95.35,82.11587972609425,13.234120273905745
12,4,3.0,6,1,1,0,0,0,18.0,3.0,3.0,0,0,8,1,0.3333333333333333,4.859999999999999,5.549236915993586,-0.6892369159935869
7,5,0.0,5,0,0,1,0,0,0.0,0.0,0.0,12,0,6,0,0.7142857142857143,11.670000000000002,16.28498752240399,-4.61498752240399
7,4,8.0,5,0,0,0,0,0,30.0,0.0,0.0,0,0,5,0,0.5714285714285714,4.4,2.777542464874529,1.6224575351254713
2,3,10.0,8,0,1,1,1,4,48.0,0.0,4.0,12,4,11,1,1.5,93.75,99.38999303427975,-5.639993034279755
6,4,6.0,3,0,1,0,0,0,18.0,0.0,4.0,0,0,4,0,0.6666666666666666,3.0,7.3610802355384175,-4.3610802355384175
6,2,14.0,3,3,1,1,0,0,18.0,24.0,4.0,12,0,8,3,0.3333333333333333,64.75,84.43750130463059,-19.687501304630587
1,2,6.0,4,2,1,0,0,0,24.0,12.0,4.0,0,0,7,2,2.0,5.7,12.427274032363067,-6.727274032363067
2,1,1.0,3,1,1,0,0,0,3.0,1.0,1.0,0,0,5,1,0.5,1.2000000000000002,5.026105204838146,-3.8261052048381456
13,6,8.0,9,6,2,0,0,0,54.0,48.0,8.0,0,0,17,6,0.46153846153846156,43.89999999999999,51.15853250542849,-7.258532505428498
4,4,3.0,16,4,2,1,0,0,48.0,12.0,6.0,12,0,23,4,1.0,39.60000000000001,38.95785553621122,0.6421444637887888
6,5,24.0,12,3,2,1,1,4,72.0,24.0,8.0,12,4,19,4,0.8333333333333334,153.2325,162.2849142621331,-9.052414262133112
10,6,9.0,8,4,0,0,0,0,48.0,32.0,0.0,0,0,12,4,0.6,39.993750000000006,28.327061795997146,11.66668820400286
6,6,11.0,8,1,1,0,0,0,48.0,8.0,4.0,0,0,10,1,1.0,32.45,28.935753589078786,3.514246410921217
4,8,8.0,3,0,0,0,0,0,18.0,0.0,0.0,0,0,3,0,2.0,1.5,2.095846761378523,-0.5958467613785232
3,3,1.0,3,0,0,0,0,0,3.0,0.0,0.0,0,0,3,0,1.0,5.16,0.8932641616310042,4.266735838368996
5,2,0.0,3,2,1,1,0,0,0.0,0.0,0.0,12,0,7,2,0.4,23.160000000000004,18.231307938937352,4.928692061062652
2,2,0.0,8,1,0,1,0,0,0.0,0.0,0.0,12,0,10,1,1.0,22.02,20.513120805664535,1.5068791943354647
4,1,7.0,2,0,0,0,0,0,12.0,0.0,0.0,0,0,2,0,0.25,1.05,0.5198631617877431,0.530136838212257
6,3,6.0,3,0,0,0,0,0,18.0,0.0,0.0,0,0,3,0,0.5,1.4625,1.0939296884093754,0.3685703115906245
8,3,4.0,8,0,1,0,0,0,32.0,0.0,4.0,0,0,9,0,0.375,9.6,8.369818819153133,1.2301811808468663
9,6,10.0,4,2,1,1,0,0,24.0,16.0,4.0,12,0,8,2,0.6666666666666666,72.00000000000001,55.59888774729931,16.401112252700706
8,3,8.0,15,4,1,1,0,0,90.0,32.0,4.0,12,0,21,4,0.375,58.6,62.97595727155228,-4.375957271552281
5,5,24.0,8,4,2,1,1,4,48.0,32.0,8.0,12,4,16,5,1.0,153.2325,158.62190494756922,-5.389404947569233
7,3,7.0,3,1,1,0,0,0,18.0,7.0,4.0,0,0,5,1,0.42857142857142855,7.262500000000001,10.64651404755379,-3.384014047553789
4,6,6.0,4,1,0,0,0,0,24.0,6.0,0.0,0,0,5,1,1.5,4.65,6.833119648316124,-2.183119648316124
22,11,14.0,16,0,1,1,0,0,96.0,0.0,4.0,12,0,18,0,0.5,77.2625,76.73581670132634,0.5266832986736603
6,3,5.0,4,2,1,1,0,0,20.0,10.0,4.0,12,0,8,2,0.5,15.250000000000002,24.20928135412654,-8.959281354126537
14,8,1.0,10,0,0,0,0,0,10.0,0.0,0.0,0,0,10,0,0.5714285714285714,0.7200000000000001,2.6312388887972378,-1.9112388887972376
7,10,6.0,10,2,1,1,0,0,60.0,12.0,4.0,12,0,14,2,1.4285714285714286,23.8125,34.16320414731157,-10.350704147311568
8,4,9.0,3,0,0,0,0,0,18.0,0.0,0.0,0,0,3,0,0.5,2.925,1.37857048502321,1.54642951497679
2,2,5.0,11,2,0,1,0,0,55.0,10.0,0.0,12,0,14,2,1.0,24.1875,26.51987922365522,-2.33237922365522
4,3,12.0,10,4,2,1,0,0,60.0,32.0,8.0,12,0,17,4,0.75,146.4,126.83721263245435,19.562787367545653
2,6,7.0,6,1,1,1,0,0,36.0,7.0,4.0,12,0,9,1,3.0,47.6875,35.226188261495636,12.461311738504364
5,5,10.0,10,2,1,0,0,0,60.0,16.0,4.0,0,0,13,2,1.0,53.375,38.192519198839044,15.182480801160956
3,3,9.0,6,3,2,1,1,4,36.0,24.0,8.0,12,4,13,4,1.0,104.85,111.82816477148809,-6.978164771488096
6,2,8.0,3,1,1,1,0,0,18.0,8.0,4.0,12,0,6,1,0.3333333333333333,22.0,30.262165642631185,-8.262165642631185
2,2,6.0,5,2,1,0,0,0,30.0,12.0,4.0,0,0,8,2,1.0,10.6125,13.084042373023026,-2.4715423730230253
2,3,9.0,4,1,1,0,0,0,24.0,8.0,4.0,0,0,6,1,1.5,37.125,14.38958913887806,22.73541086112194
8,8,12.0,4,2,1,0,0,0,24.0,16.0,4.0,0,0,7,2,1.0,42.15,40.41058628278937,1.7394137172106312
4,10,19.0,8,1,1,1,0,0,48.0,8.0,4.0,12,0,11,1,2.5,118.5125,110.2970264351761,8.21547356482391
2,2,6.0,5,2,1,1,0,0,30.0,12.0,4.0,12,0,9,2,1.0,24.4875,27.79889357795734,-3.3113935779573396
2,5,8.0,6,1,1,1,0,0,36.0,8.0,4.0,12,0,9,1,2.5,37.05,35.55485583568298,1.4951441643170185
2,4,19.0,5,2,1,0,0,0,30.0,16.0,4.0,0,0,8,2,2.0,67.56875000000001,59.271379618512356,8.297370381487653
7,6,4.0,12,1,1,1,1,4,48.0,4.0,4.0,12,4,16,2,0.8571428571428571,51.39,54.00093763410789,-2.6109376341078914
12,6,0.0,6,0,0,0,0,0,0.0,0.0,0.0,0,0,6,0,0.5,3.12,1.2726408922121264,1.8473591077878737
15,3,0.0,4,0,1,0,0,0,0.0,0.0,0.0,0,0,5,0,0.2,6.15,3.034229253005959,3.115770746994041
5,3,1.0,10,3,1,1,0,0,10.0,3.0,1.0,12,0,15,3,0.6,19.680000000000003,24.226398310479652,-4.546398310479649
3,5,10.0,28,4,2,1,1,4,168.0,32.0,8.0,12,4,36,5,1.6666666666666667,153.2325,136.446955964647,16.785544035352984
2,2,5.0,3,1,1,1,0,0,15.0,5.0,4.0,12,0,6,1,1.0,20.25,20.47213418168344,-0.22213418168344035
7,7,3.0,9,0,1,0,0,0,27.0,0.0,3.0,0,0,10,0,1.0,9.87,4.964450947070611,4.905549052929389
4,2,0.0,4,1,0,0,0,0,0.0,0.0,0.0,0,0,5,1,0.5,4.86,4.308642007729956,0.5513579922700442
9,2,5.0,5,2,1,1,0,0,25.0,10.0,4.0,12,0,9,2,0.2222222222222222,33.6875,24.673415954858974,9.014084045141026
5,15,19.0,7,5,2,1,0,0,42.0,40.0,8.0,12,0,15,5,3.0,153.2325,147.32572827092739,5.906771729072602
2,2,11.0,8,3,1,1,1,4,48.0,24.0,4.0,12,4,14,4,1.0,116.1875,136.1875737168883,-20.000073716888295
10,5,15.0,5,1,0,0,0,0,30.0,8.0,0.0,0,0,6,1,0.5,10.3125,12.040043893387995,-1.7275438933879954
6,4,0.0,4,2,1,0,0,0,0.0,0.0,0.0,0,0,7,2,0.6666666666666666,9.840000000000002,5.607008778702406,4.2329912212975955
8,8,2.0,15,0,2,0,0,0,30.0,0.0,4.0,0,0,17,0,1.0,15.9,20.770780844235745,-4.870780844235744
1,4,4.0,7,1,1,0,0,0,28.0,4.0,4.0,0,0,9,1,4.0,5.460000000000001,11.497797416870073,-6.037797416870072
9,5,2.0,8,0,0,0,0,0,16.0,0.0,0.0,0,0,8,0,0.5555555555555556,2.37,2.0993548192734193,0.27064518072658084
5,5,8.0,5,2,0,0,0,0,30.0,16.0,0.0,0,0,7,2,1.0,16.799999999999997,20.744655131104338,-3.9446551311043407
3,1,5.0,3,1,1,1,0,0,15.0,5.0,4.0,12,0,6,1,0.3333333333333333,14.562500000000002,20.352324273448726,-5.789824273448724
5,2,24.0,6,2,1,1,0,0,36.0,16.0,4.0,12,0,10,2,0.4,106.2,137.29744229542905,-31.097442295429047
5,3,7.0,6,0,0,0,0,0,36.0,0.0,0.0,0,0,6,0,0.6,4.9,3.8186134300415633,1.081386569958437
5,6,5.0,1,0,1,0,0,0,5.0,0.0,4.0,0,0,2,0,1.2,5.09375,5.950233664235647,-0.8564836642356468
5,3,4.0,12,4,1,1,0,0,48.0,16.0,4.0,12,0,18,4,0.6,42.0,34.555308950534176,7.444691049465824
9,4,4.0,7,0,1,0,0,0,28.0,0.0,4.0,0,0,8,0,0.4444444444444444,5.4,7.2094142087308635,-1.8094142087308631
4,5,24.0,14,4,2,1,1,4,84.0,32.0,8.0,12,4,22,5,1.25,153.2325,166.48908849976502,-13.25658849976503
5,5,0.0,3,0,0,0,0,0,0.0,0.0,0.0,0,0,3,0,1.0,0.0,0.88847245949026,-0.88847245949026
3,6,3.0,5,1,1,1,0,0,15.0,3.0,3.0,12,0,8,1,2.0,18.36,19.703128460344985,-1.3431284603449853
3,2,5.0,4,0,0,0,0,0,20.0,0.0,0.0,0,0,4,0,0.6666666666666666,1.8125,1.399997785370925,0.4125022146290751
7,5,11.0,10,3,1,1,0,0,60.0,24.0,4.0,12,0,15,3,0.7142857142857143,54.0375,86.83640290933116,-32.798902909331154
15,4,21.0,4,0,1,0,0,0,24.0,0.0,4.0,0,0,5,0,0.26666666666666666,38.98125,48.28140941966391,-9.300159419663906
16,4,4.0,6,0,0,1,0,0,24.0,0.0,0.0,12,0,7,0,0.25,18.0,16.29842557846529,1.7015744215347084
8,7,14.0,11,3,1,0,0,0,66.0,24.0,4.0,0,0,15,3,0.875,68.3375,69.91573937263892,-1.5782393726389188
2,3,24.0,5,0,1,0,1,4,30.0,0.0,4.0,0,4,7,1,1.5,153.2325,129.04543029145745,24.187069708542538
6,3,6.0,10,3,1,0,0,0,60.0,18.0,4.0,0,0,14,3,0.5,12.525,24.575230654987983,-12.050230654987983
3,8,15.0,12,2,1,1,0,0,72.0,16.0,4.0,12,0,16,2,2.6666666666666665,105.375,105.31646772287625,0.05853227712374576
2,3,5.0,3,2,1,1,0,0,15.0,10.0,4.0,12,0,7,2,1.5,21.8125,22.999468587333503,-1.186968587333503
6,3,6.0,5,2,2,1,0,0,30.0,12.0,8.0,12,0,10,2,0.5,41.8125,34.93280338694145,6.879696613058549
2,5,6.0,3,1,0,0,0,0,18.0,6.0,0.0,0,0,4,1,2.5,7.949999999999999,5.870281510195102,2.0797184898048977
4,4,10.0,12,2,1,1,1,4,72.0,16.0,4.0,12,4,17,3,1.0,131.0625,122.25930003488374,8.803199965116264
4,2,8.0,12,3,2,1,0,0,72.0,24.0,8.0,12,0,18,3,0.5,45.5,68.53064449910724,-23.03064449910724
15,3,0.0,6,3,1,1,0,0,0.0,0.0,0.0,12,0,11,3,0.2,17.61,21.415303924876643,-3.805303924876643
3,2,3.0,6,2,1,0,0,0,18.0,6.0,3.0,0,0,9,2,0.6666666666666666,5.220000000000001,7.498864602293003,-2.2788646022930026
10,6,0.0,22,1,1,0,0,0,0.0,0.0,0.0,0,0,24,1,0.6,7.110000000000001,19.806517188529533,-12.696517188529532
8,3,12.0,6,0,0,0,0,0,36.0,0.0,0.0,0,0,6,0,0.375,11.4,5.329489944280648,6.070510055719352
3,2,0.0,3,1,0,0,0,0,0.0,0.0,0.0,0,0,4,1,0.6666666666666666,2.16,3.758320816411665,-1.5983208164116647
24,8,7.0,4,0,0,0,0,0,24.0,0.0,0.0,0,0,4,0,0.3333333333333333,1.75,1.32754114449951,0.42245885550049
10,6,7.0,9,6,2,1,0,0,54.0,42.0,8.0,12,0,18,6,0.6,82.86250000000001,80.21005988524115,2.6524401147588605
10,1,12.0,5,0,1,1,0,0,30.0,0.0,4.0,12,0,7,0,0.1,58.05,70.14761517517553,-12.097615175175534
4,3,10.0,4,2,1,1,0,0,24.0,16.0,4.0,12,0,8,2,0.75,34.25,53.7427019115386,-19.492701911538603
4,2,9.0,5,3,1,1,0,0,30.0,24.0,4.0,12,0,10,3,0.5,60.3,53.46283289310426,6.837167106895734
18,8,0.0,15,3,3,1,0,0,0.0,0.0,0.0,12,0,22,3,0.4444444444444444,31.32,33.0661895061542,-1.7461895061542023
4,4,6.0,4,0,0,0,0,0,24.0,0.0,0.0,0,0,4,0,1.0,1.65,2.562977187061076,-0.9129771870610761
4,5,6.0,18,0,1,1,0,0,108.0,0.0,4.0,12,0,20,0,1.25,38.475,31.9880849948632,6.486915005136801
12,10,23.0,3,2,1,0,0,0,18.0,16.0,4.0,0,0,6,2,0.8333333333333334,46.575,79.53413821235006,-32.959138212350055
6,8,12.0,6,2,1,1,0,0,36.0,16.0,4.0,12,0,10,2,1.3333333333333333,67.65,78.07398146862933,-10.423981468629322
5,2,6.0,5,2,1,1,0,0,30.0,12.0,4.0,12,0,9,2,0.4,26.625,26.824020888077396,-0.1990208880773956
3,1,5.0,3,0,0,0,0,0,15.0,0.0,0.0,0,0,3,0,0.3333333333333333,0.75,0.8197361435357275,-0.06973614353572755
11,1,12.0,4,4,2,1,0,0,24.0,32.0,8.0,12,0,11,4,0.09090909090909091,88.2,127.2320253095747,-39.03202530957469
10,4,6.0,5,4,1,0,0,0,30.0,24.0,4.0,0,0,10,4,0.4,11.55,23.02629628783257,-11.476296287832568
7,5,12.0,12,1,1,1,0,0,72.0,8.0,4.0,12,0,15,1,0.7142857142857143,58.2,80.51872412048192,-22.318724120481917
4,6,21.0,6,2,1,1,1,4,36.0,16.0,4.0,12,4,11,3,1.5,153.2325,138.24304575018292,14.989454249817072
3,10,1.0,5,2,1,1,0,0,5.0,2.0,1.0,12,0,9,2,3.3333333333333335,16.35,20.795720075778945,-4.445720075778944
6,6,4.0,5,3,0,0,0,0,20.0,12.0,0.0,0,0,8,3,1.0,14.28,8.780467545709984,5.499532454290016
6,4,0.0,6,3,0,0,0,0,0.0,0.0,0.0,0,0,9,3,0.6666666666666666,12.96,6.906668816369751,6.05333118363025
10,6,9.0,8,3,2,0,0,0,48.0,24.0,8.0,0,0,13,3,0.6,39.65625,42.30212568223126,-2.6458756822312566
3,5,3.0,5,2,1,1,0,0,15.0,6.0,3.0,12,0,9,2,1.6666666666666667,32.88,21.17146599579677,11.708534004203234
9,6,14.0,9,1,1,1,0,0,54.0,8.0,4.0,12,0,12,1,0.6666666666666666,76.3875,76.95559162812958,-0.5680916281295794
16,8,6.0,6,3,0,0,0,0,36.0,18.0,0.0,0,0,9,3,0.5,11.25,17.575562187853752,-6.325562187853752
9,6,10.0,4,2,0,1,0,0,24.0,16.0,0.0,12,0,7,2,0.6666666666666666,64.50000000000001,52.30054194588242,12.199458054117592
10,6,2.0,3,0,0,0,0,0,6.0,0.0,0.0,0,0,3,0,0.6,0.7200000000000001,1.0222597490586092,-0.3022597490586091
4,3,7.0,6,2,1,0,0,0,36.0,14.0,4.0,0,0,9,2,0.75,18.375,15.059416152128401,3.315583847871599
2,3,24.0,3,1,1,1,0,0,18.0,8.0,4.0,12,0,6,1,1.5,118.8,120.92080234926675,-2.1208023492667536
3,1,10.0,2,1,1,0,0,0,12.0,8.0,4.0,0,0,4,1,0.3333333333333333,8.375000000000002,15.22566794847954,-6.850667948479538
7,5,1.0,2,4,2,1,0,0,2.0,4.0,2.0,12,0,9,4,0.7142857142857143,27.42,27.635480436976867,-0.2154804369768648
2,1,8.0,2,1,0,1,0,0,12.0,8.0,0.0,12,0,4,1,0.5,19.75,25.700761262634433,-5.950761262634433
3,5,8.0,14,4,2,1,0,0,84.0,32.0,8.0,12,0,21,4,1.6666666666666667,81.85,78.64789866836759,3.202101331632406
12,3,19.0,2,2,0,0,0,0,12.0,16.0,0.0,0,0,4,2,0.25,29.925,47.15925987596249,-17.23425987596249
2,3,2.0,3,0,0,0,0,0,6.0,0.0,0.0,0,0,3,0,1.5,0.7200000000000001,0.8932641616310042,-0.1732641616310041
6,8,10.0,4,2,1,1,0,0,24.0,16.0,4.0,12,0,8,2,1.3333333333333333,61.5,54.50741748894867,6.9925825110513316
2,2,15.0,4,0,1,1,0,0,24.0,0.0,4.0,12,0,6,0,1.0,71.25,74.02361170867528,-2.7736117086752756
31,6,8.0,8,6,1,0,0,0,48.0,48.0,4.0,0,0,15,6,0.1935483870967742,54.3,37.35951451214917,16.94048548785083
6,3,12.0,12,3,1,1,0,0,72.0,24.0,4.0,12,0,17,3,0.5,98.925,103.9232811191818,-4.998281119181797
6,4,15.0,8,3,1,1,0,0,48.0,24.0,4.0,12,0,13,3,0.6666666666666666,102.65625,110.38904033531372,-7.732790335313723
4,2,0.0,5,2,0,0,0,0,0.0,0.0,0.0,0,0,7,2,0.5,4.319999999999999,4.456292771597567,-0.13629277159756725
5,3,5.0,6,3,1,1,0,0,30.0,15.0,4.0,12,0,11,3,0.6,19.78125,26.544642413891392,-6.763392413891392
10,7,10.0,4,2,0,1,0,0,24.0,16.0,0.0,12,0,7,2,0.7,56.75,52.39932541299339,4.350674587006608
12,11,14.0,13,6,4,1,1,4,78.0,48.0,16.0,12,4,25,7,0.9166666666666666,153.2325,167.95990294867505,-14.727402948675063
4,4,14.0,16,6,3,1,1,4,96.0,48.0,12.0,12,4,27,7,1.0,153.2325,166.1283004923266,-12.8958004923266
5,2,5.0,4,0,1,0,0,0,20.0,0.0,4.0,0,0,5,0,0.4,9.562500000000002,6.540350380152052,3.0221496198479496
4,6,18.0,4,3,1,0,0,0,24.0,24.0,4.0,0,0,8,3,1.5,35.550000000000004,64.79176512229441,-29.241765122294403
7,5,6.0,10,2,1,0,0,0,60.0,12.0,4.0,0,0,13,2,0.7142857142857143,26.625,16.269668548128017,10.355331451871983
11,3,4.0,3,0,0,0,0,0,12.0,0.0,0.0,0,0,3,0,0.2727272727272727,0.42,1.0298250624658638,-0.6098250624658639
4,2,3.0,3,1,1,1,0,0,9.0,3.0,3.0,12,0,6,1,0.5,17.22,18.231307938937352,-1.0113079389373532
4,3,5.0,12,4,2,1,0,0,60.0,20.0,8.0,12,0,19,4,0.75,35.9375,43.05548057044622,-7.117980570446221
11,3,3.0,4,0,0,0,0,0,12.0,0.0,0.0,0,0,4,0,0.2727272727272727,0.81,1.571075307908352,-0.7610753079083519
3,1,6.0,4,1,1,1,0,0,24.0,6.0,4.0,12,0,7,1,0.3333333333333333,18.975,24.22109036920922,-5.24609036920922
7,3,5.0,9,3,2,1,0,0,45.0,15.0,8.0,12,0,15,3,0.42857142857142855,52.78125,37.03078396984959,15.750466030150413
5,5,0.0,0,0,0,0,0,0,0.0,0.0,0.0,0,0,0,0,1.0,0.48,0.88847245949026,-0.40847245949026
11,6,10.0,7,0,0,0,0,0,42.0,0.0,0.0,0,0,7,0,0.5454545454545454,4.625,5.954231964823543,-1.3292319648235429
6,3,10.0,5,2,1,1,0,0,30.0,16.0,4.0,12,0,9,2,0.5,51.62500000000001,58.43257827005406,-6.8075782700540515
13,3,7.0,4,0,0,0,0,0,24.0,0.0,0.0,0,0,4,0,0.23076923076923078,0.0,1.5441130252237891,-1.5441130252237891
2,1,4.0,5,1,1,1,0,0,20.0,4.0,4.0,12,0,8,1,0.5,19.44,21.755184161842344,-2.3151841618423425
12,10,0.0,10,0,0,0,0,0,0.0,0.0,0.0,0,0,10,0,0.8333333333333334,0.0,2.6312388887972378,-2.6312388887972378
6,3,11.0,5,1,0,0,0,0,30.0,8.0,0.0,0,0,6,1,0.5,3.1625,10.149938799416386,-6.9874387994163865
5,5,5.0,15,5,2,1,0,0,75.0,25.0,8.0,12,0,23,5,1.0,42.75,51.40366165895926,-8.653661658959258
6,3,5.0,10,1,1,0,0,0,50.0,5.0,4.0,0,0,12,1,0.5,7.312500000000001,10.780776786433064,-3.468276786433063
6,4,4.0,6,2,0,1,0,0,24.0,8.0,0.0,12,0,9,2,0.6666666666666666,23.4,21.842548923194105,1.5574510768058936
2,2,15.0,3,0,1,1,0,0,18.0,0.0,4.0,12,0,5,0,1.0,64.5,70.1570803151912,-5.657080315191195
4,5,6.0,5,4,1,1,0,0,30.0,24.0,4.0,12,0,11,4,1.25,26.175,42.907260985691025,-16.732260985691024
6,3,24.0,5,3,1,1,0,0,30.0,24.0,4.0,12,0,10,3,0.5,153.2325,138.67094051581358,14.561559484186404
7,4,12.0,8,3,2,1,0,0,48.0,24.0,8.0,12,0,14,3,0.5714285714285714,96.225,105.81021277175437,-9.585212771754371
12,8,0.0,6,0,0,0,0,0,0.0,0.0,0.0,0,0,6,0,0.6666666666666666,2.4600000000000004,1.2726408922121264,1.187359107787874
4,2,8.0,5,1,1,1,0,0,30.0,8.0,4.0,12,0,8,1,0.5,32.7,33.010804721759264,-0.3108047217592613
5,1,24.0,3,1,1,0,0,0,18.0,8.0,4.0,0,0,5,1,0.2,24.15,86.67859640041978,-62.52859640041978
7,4,6.0,6,6,2,1,0,0,36.0,36.0,8.0,12,0,15,6,0.5714285714285714,59.55,61.52213188747269,-1.9721318874726919
6,5,4.0,20,7,2,1,0,0,80.0,28.0,8.0,12,0,30,7,0.8333333333333334,62.970000000000006,55.277870770863295,7.692129229136711
4,4,5.0,15,5,2,1,0,0,75.0,25.0,8.0,12,0,23,5,1.0,48.4375,51.83915676510902,-3.401656765109017
6,4,2.0,8,4,1,1,0,0,16.0,8.0,2.0,12,0,14,4,0.6666666666666666,15.96,25.6060059763599,-9.646005976359898
6,4,4.0,9,4,1,1,0,0,36.0,16.0,4.0,12,0,15,4,0.6666666666666666,31.92,33.06216227078782,-1.1421622707878214
12,7,0.0,12,2,0,0,0,0,0.0,0.0,0.0,0,0,14,2,0.5833333333333334,8.040000000000001,7.738320915985608,0.3016790840143928
4,3,10.0,6,0,1,1,0,0,36.0,0.0,4.0,12,0,8,0,0.75,38.75,46.93187269119728,-8.181872691197277
6,6,7.0,6,2,1,0,0,0,36.0,14.0,4.0,0,0,9,2,1.0,10.325,15.202148403615093,-4.877148403615093
20,5,8.0,3,0,0,0,0,0,18.0,0.0,0.0,0,0,3,0,0.25,3.05,0.7355949246910258,2.314405075308974
4,2,7.0,4,2,1,1,0,0,24.0,14.0,4.0,12,0,8,2,0.5,35.0875,32.252588132396625,2.834911867603374
7,1,0.0,1,1,1,0,0,0,0.0,0.0,0.0,0,0,3,1,0.14285714285714285,0.0,5.019807870228852,-5.019807870228852
8,4,2.0,5,2,1,0,0,0,10.0,4.0,2.0,0,0,8,2,0.5,8.34,6.030527066841214,2.309472933158786
8,8,6.0,12,5,3,1,0,0,72.0,30.0,12.0,12,0,21,5,1.0,78.525,65.81942774524713,12.70557225475288
1,2,15.0,6,2,1,1,1,4,36.0,16.0,4.0,12,4,11,3,2.0,153.2325,123.34809487782194,29.884405122178052
3,3,5.0,8,5,2,1,0,0,40.0,25.0,8.0,12,0,16,5,1.0,40.90625,49.55192139828442,-8.64567139828442
1,1,0.0,1,0,0,0,0,0,0.0,0.0,0.0,0,0,1,0,1.0,0.18,0.8932641616310042,-0.7132641616310043
3,3,20.0,3,1,0,0,0,0,18.0,8.0,0.0,0,0,4,1,1.0,22.5,33.70917372071404,-11.209173720714041
4,8,7.0,20,6,3,1,1,4,120.0,42.0,12.0,12,4,31,7,2.0,137.33125,141.38402520578063,-4.05277520578062
9,6,10.0,4,2,0,1,0,0,24.0,16.0,0.0,12,0,7,2,0.6666666666666666,56.31250000000001,52.30054194588242,4.011958054117585
4,7,3.0,5,1,0,0,0,0,15.0,3.0,0.0,0,0,6,1,1.75,2.5500000000000003,4.599025023084263,-2.0490250230842624
2,2,11.0,8,2,1,1,0,0,48.0,16.0,4.0,12,0,12,2,1.0,68.2,66.97857944847621,1.2214205515237921
7,3,10.0,7,3,1,1,0,0,42.0,24.0,4.0,12,0,12,3,0.42857142857142855,53.50000000000001,61.67864036003934,-8.178640360039331
6,7,0.0,11,0,0,0,0,0,0.0,0.0,0.0,0,0,11,0,1.1666666666666667,0.3,3.0564492733846063,-2.7564492733846064
8,4,11.0,6,2,1,1,0,0,36.0,16.0,4.0,12,0,10,2,0.5,47.85,64.4784226403312,-16.628422640331202
2,2,6.0,2,0,0,0,0,0,12.0,0.0,0.0,0,0,2,0,1.0,1.125,1.1896330934369843,-0.06463309343698431
15,6,4.0,8,5,2,1,0,0,32.0,20.0,8.0,12,0,16,5,0.4,47.79,37.05404539680052,10.735954603199481
5,4,9.0,9,2,1,1,0,0,54.0,16.0,4.0,12,0,13,2,0.8,36.900000000000006,49.70201769678487,-12.802017696784866
6,3,6.0,6,3,2,0,0,0,36.0,18.0,8.0,0,0,11,3,0.5,17.475,26.741999891452114,-9.266999891452112
4,2,4.0,6,2,1,0,0,0,24.0,8.0,4.0,0,0,9,2,0.5,16.680000000000003,11.407676732268264,5.272323267731739
1,2,8.0,3,1,1,1,0,0,18.0,8.0,4.0,12,0,6,1,2.0,24.5,31.171969363604198,-6.671969363604198
5,7,2.0,10,0,0,0,0,0,20.0,0.0,0.0,0,0,10,0,1.4,2.76,3.0564492733846063,-0.29644927338460647
6,6,0.0,4,0,0,0,0,0,0.0,0.0,0.0,0,0,4,0,1.0,0.96,1.394962482852778,-0.43496248285277805
12,8,0.0,6,0,0,0,0,0,0.0,0.0,0.0,0,0,6,0,0.6666666666666666,2.8800000000000003,1.2726408922121264,1.607359107787874
10,6,6.0,5,0,0,0,0,0,30.0,0.0,0.0,0,0,5,0,0.6,2.325,3.361815490598712,-1.0368154905987117
11,4,4.0,3,2,0,0,0,0,12.0,8.0,0.0,0,0,5,2,0.36363636363636365,3.24,6.319738016575834,-3.079738016575834
4,3,11.0,8,3,2,1,1,4,48.0,24.0,8.0,12,4,15,4,0.75,124.16249999999998,139.62114928320256,-15.458649283202575
7,6,5.0,6,5,2,1,0,0,30.0,25.0,8.0,12,0,14,5,0.8571428571428571,39.0,50.33448499184509,-11.334484991845088
3,2,6.0,4,1,1,0,0,0,24.0,6.0,4.0,0,0,6,1,0.6666666666666666,26.4375,11.000987067009161,15.436512932990839
10,3,11.0,4,0,0,0,0,0,24.0,0.0,0.0,0,0,4,0,0.3,2.95625,5.2888531728086425,-2.3326031728086427
9,6,4.0,5,0,0,0,0,0,20.0,0.0,0.0,0,0,5,0,0.6666666666666666,1.47,1.5122744645518211,-0.042274464551821156
14,4,24.0,10,2,1,0,0,0,60.0,16.0,4.0,0,0,13,2,0.2857142857142857,110.4,103.11757193471712,7.282428065282886
1,2,0.0,2,1,0,0,0,0,0.0,0.0,0.0,0,0,3,1,2.0,3.69,3.804359106173697,-0.11435910617369727
2,5,5.0,6,2,1,1,0,0,30.0,10.0,4.0,12,0,10,2,2.5,21.8125,25.599307335941074,-3.7868073359410737
4,3,0.0,8,3,1,1,0,0,0.0,0.0,0.0,12,0,13,3,0.75,35.88,23.064284296447774,12.815715703552229
3,2,12.0,6,2,1,1,0,0,36.0,16.0,4.0,12,0,10,2,0.6666666666666666,91.2,76.59875679923854,14.60124320076146
12,6,6.0,0,0,0,0,0,0,0.0,0.0,0.0,0,0,0,0,0.5,1.65,0.6709189470607507,0.9790810529392492
8,4,2.0,6,0,0,0,0,0,12.0,0.0,0.0,0,0,6,0,0.5,1.1700000000000002,1.6262399392742772,-0.4562399392742771
10,4,21.0,8,4,1,1,0,0,48.0,32.0,4.0,12,0,14,4,0.4,153.2325,138.65153029816932,14.580969701830668
15,8,0.0,10,2,0,1,0,0,0.0,0.0,0.0,12,0,13,2,0.5333333333333333,16.14,20.640740996391134,-4.500740996391134
8,5,9.0,13,2,1,0,0,0,78.0,16.0,4.0,0,0,16,2,0.625,34.03125,32.20091741632408,1.8303325836759186
6,4,24.0,5,2,1,1,0,0,30.0,16.0,4.0,12,0,9,2,0.6666666666666666,141.6,139.51586115891658,2.0841388410834156
6,6,10.0,5,3,1,1,1,4,30.0,24.0,4.0,12,4,11,4,1.0,111.75,123.43213581226654,-11.682135812266537
3,3,5.0,1,1,1,0,0,0,5.0,5.0,4.0,0,0,3,1,1.0,5.625,7.599177582903033,-1.9741775829030326
8,6,6.0,8,0,0,0,0,0,48.0,0.0,0.0,0,0,8,0,0.75,6.525,4.608293566141221,1.9167064338587796
5,6,0.0,3,1,0,0,0,0,0.0,0.0,0.0,0,0,4,1,1.2,4.68,3.90105306789836,0.7789469321016398
9,6,12.0,8,0,3,1,0,0,48.0,0.0,12.0,12,0,12,0,0.6666666666666666,100.125,93.73599207787247,6.389007922127533
5,4,1.0,5,0,0,0,0,0,5.0,0.0,0.0,0,0,5,0,0.8,5.640000000000001,1.5518263887725345,4.088173611227466
14,8,4.0,14,1,0,0,0,0,56.0,4.0,0.0,0,0,15,1,0.5714285714285714,3.96,9.11469274504727,-5.15469274504727
3,2,4.0,4,0,1,1,0,0,16.0,0.0,4.0,12,0,6,0,0.6666666666666666,14.340000000000002,19.59909734672983,-5.259097346729829
8,7,1.0,4,0,0,0,0,0,4.0,0.0,0.0,0,0,4,0,0.875,0.48,1.4299663053101503,-0.9499663053101504
5,6,0.0,5,0,0,0,0,0,0.0,0.0,0.0,0,0,5,0,1.2,0.0,1.5120308641744182,-1.5120308641744182
8,6,5.0,4,0,1,0,0,0,20.0,0.0,4.0,0,0,5,0,0.75,3.4375,6.535558678011308,-3.0980586780113084
5,3,0.0,3,0,0,0,0,0,0.0,0.0,0.0,0,0,3,0,0.6,1.32,0.9282679840883763,0.39173201591162377
9,6,12.0,6,0,2,0,0,0,36.0,0.0,8.0,0,0,8,0,0.6666666666666666,21.75,30.9297776979823,-9.1797776979823
3,5,13.0,6,2,1,1,0,0,36.0,16.0,4.0,12,0,10,2,1.6666666666666667,77.67499999999998,77.55522987367999,0.11977012631999173
4,5,0.0,5,2,1,0,0,0,0.0,0.0,0.0,0,0,8,2,1.25,0.18,6.17325931832791,-5.99325931832791
7,13,4.0,13,4,3,0,0,0,52.0,16.0,12.0,0,0,20,4,1.8571428571428572,25.47,30.91867816949018,-5.448678169490183
4,3,12.0,15,4,1,1,1,4,90.0,32.0,4.0,12,4,22,5,0.75,153.2325,147.94927721717178,5.283222782828204
3,4,6.0,6,0,1,1,0,0,36.0,0.0,4.0,12,0,8,0,1.3333333333333333,25.8,23.775074134653597,2.024925865346404
5,3,9.0,6,3,1,1,0,0,36.0,24.0,4.0,12,0,11,3,0.6,59.962500000000006,54.438809976940824,5.523690023059181
1,2,18.0,4,1,1,1,0,0,24.0,8.0,4.0,12,0,7,1,2.0,89.10000000000001,97.79138989814055,-8.691389898140542
5,2,0.0,2,1,0,0,0,0,0.0,0.0,0.0,0,0,3,1,0.4,1.5300000000000002,3.758320816411665,-2.2283208164116646
11,5,4.0,7,1,0,0,0,0,28.0,4.0,0.0,0,0,8,1,0.45454545454545453,7.5,5.171748509054405,2.328251490945595
6,3,4.0,5,3,1,1,0,0,20.0,12.0,4.0,12,0,10,3,0.5,18.24,26.00724272299612,-7.767242722996123
5,6,14.0,10,4,0,0,0,0,60.0,32.0,0.0,0,0,14,4,1.2,84.525,71.42136746861723,13.103632531382772
2,3,13.0,4,0,0,0,0,0,24.0,0.0,0.0,0,0,4,0,1.5,6.175,6.796010513320224,-0.6210105133202246
12,9,4.0,10,7,1,0,0,0,40.0,28.0,4.0,0,0,18,7,0.75,18.78,22.869922640258544,-4.089922640258543
9,6,4.0,4,2,0,0,0,0,16.0,8.0,0.0,0,0,6,2,0.6666666666666666,4.08,6.972323703526459,-2.8923237035264586
3,2,5.0,5,4,1,1,0,0,25.0,20.0,4.0,12,0,11,4,0.6666666666666666,31.312500000000004,30.240670930563237,1.0718290694367667
2,6,11.0,8,2,0,0,0,0,48.0,16.0,0.0,0,0,10,2,3.0,19.86875,33.44619457624666,-13.577444576246663
9,7,10.0,4,2,0,1,0,0,24.0,16.0,0.0,12,0,7,2,0.7777777777777778,46.00000000000001,52.30054194588242,-6.300541945882415
6,4,7.0,14,5,2,1,0,0,84.0,35.0,8.0,12,0,22,5,0.6666666666666666,70.2625,72.90266335398438,-2.640163353984377
4,3,10.0,3,1,0,0,0,0,18.0,8.0,0.0,0,0,4,1,0.75,8.687500000000002,9.341659235932273,-0.654159235932271
6,3,4.0,5,3,1,1,0,0,20.0,12.0,4.0,12,0,10,3,0.5,14.580000000000002,26.00724272299612,-11.42724272299612
7,4,12.0,6,1,0,1,0,0,36.0,8.0,0.0,12,0,8,1,0.5714285714285714,47.025,58.4051282100129,-11.380128210012899
9,7,4.0,8,0,0,0,0,0,32.0,0.0,0.0,0,0,8,0,0.7777777777777778,2.4600000000000004,2.539059774804835,-0.0790597748048345
6,3,8.0,4,0,0,0,0,0,24.0,0.0,0.0,0,0,4,0,0.5,3.05,2.2513165567492033,0.7986834432507965
11,5,3.0,2,2,1,0,0,0,6.0,6.0,3.0,0,0,5,2,0.45454545454545453,8.190000000000001,6.428580722952124,1.7614192770478772
13,12,5.0,13,0,1,0,0,0,65.0,0.0,4.0,0,0,14,0,0.9230769230769231,8.687500000000002,11.71555621205528,-3.0280562120552776
15,5,6.0,3,1,1,0,0,0,18.0,6.0,4.0,0,0,5,1,0.3333333333333333,7.5,8.572928796543442,-1.072928796543442
9,4,8.0,6,0,0,0,0,0,36.0,0.0,0.0,0,0,6,0,0.4444444444444444,5.0,2.976650436780435,2.023349563219565
6,3,5.0,8,4,1,1,0,0,40.0,20.0,4.0,12,0,14,4,0.5,24.562500000000004,32.02107388379353,-7.458573883793523
5,10,10.0,4,1,0,0,0,0,24.0,8.0,0.0,0,0,5,1,2.0,12.125000000000002,11.317269144749824,0.8077308552501776
6,5,14.0,15,8,4,1,0,0,90.0,64.0,16.0,12,0,28,8,0.8333333333333334,153.2325,159.32839128129396,-6.095891281293973
2,2,2.0,4,2,1,1,0,0,8.0,4.0,2.0,12,0,8,2,1.0,18.84,19.533197285254456,-0.6931972852544561
14,9,5.0,15,8,2,1,0,0,75.0,40.0,8.0,12,0,26,8,0.6428571428571429,55.06250000000001,54.182656074340514,0.8798439256594932
7,3,3.0,4,2,1,0,0,0,12.0,6.0,3.0,0,0,7,2,0.42857142857142855,5.58,6.814006867980742,-1.2340068679807423
9,5,0.0,2,0,0,0,0,0,0.0,0.0,0.0,0,0,2,0,0.5555555555555556,0.0,0.9234762819476321,-0.9234762819476321
6,4,5.0,8,2,0,0,0,0,40.0,10.0,0.0,0,0,10,2,0.6666666666666666,15.75,8.623505499865402,7.126494500134598
7,5,13.0,4,0,0,0,0,0,24.0,0.0,0.0,0,0,4,0,0.7142857142857143,4.387499999999999,6.623807707702083,-2.2363077077020836
4,4,0.0,7,2,0,0,0,0,0.0,0.0,0.0,0,0,9,2,1.0,11.340000000000002,6.1770686256184275,5.162931374381574
5,4,6.0,9,2,0,0,0,0,54.0,12.0,0.0,0,0,11,2,0.8,21.825000000000003,10.58035321518336,11.244646784816643
4,5,0.0,7,0,0,0,0,0,0.0,0.0,0.0,0,0,7,0,1.25,0.0,2.0302094897168237,-2.0302094897168237
7,3,0.0,4,2,2,0,0,0,0.0,0.0,0.0,0,0,8,2,0.42857142857142855,15.81,13.32026373710958,2.489736262890421
1,1,12.0,4,2,1,1,0,0,24.0,16.0,4.0,12,0,8,2,1.0,69.9,70.9293940371418,-1.029394037141799
10,3,7.0,8,2,1,1,0,0,48.0,14.0,4.0,12,0,12,2,0.3,25.725,35.096647311621325,-9.371647311621324
4,3,2.0,6,1,1,0,0,0,12.0,2.0,2.0,0,0,8,1,0.75,4.319999999999999,6.030527066841214,-1.7105270668412142
1,10,4.0,2,1,0,0,0,0,8.0,4.0,0.0,0,0,3,1,10.0,1.5300000000000002,4.123073335549346,-2.593073335549346
7,6,10.0,5,2,0,1,0,0,30.0,16.0,0.0,12,0,8,2,0.8571428571428571,35.625,52.048864223363296,-16.423864223363296
7,3,11.0,10,2,1,1,0,0,60.0,16.0,4.0,12,0,14,2,0.42857142857142855,60.15625,67.01863734471196,-6.862387344711962
4,4,18.0,6,4,1,1,0,0,36.0,32.0,4.0,12,0,12,4,1.0,134.4375,126.1111954744904,8.326304525509599
2,7,9.0,10,1,0,0,0,0,60.0,8.0,0.0,0,0,11,1,3.5,13.1625,13.306877745385021,-0.14437774538502168
5,3,0.0,6,1,0,0,0,0,0.0,0.0,0.0,0,0,7,1,0.6,1.2000000000000002,4.456292771597567,-3.2562927715975665
5,3,24.0,3,1,0,1,0,0,18.0,8.0,0.0,12,0,5,1,0.6,67.65,106.7714211476635,-39.1214211476635
3,2,6.0,4,0,1,0,0,0,24.0,0.0,4.0,0,0,5,0,0.6666666666666666,11.25,8.27196695793537,2.978033042064631
11,3,1.0,5,3,1,1,0,0,5.0,3.0,1.0,12,0,10,3,0.2727272727272727,20.22,21.921605924362563,-1.701605924362564
10,5,8.0,8,3,1,0,0,0,48.0,24.0,4.0,0,0,12,3,0.5,34.0,28.279442510647513,5.720557489352487
3,3,12.0,6,2,1,1,1,4,36.0,16.0,4.0,12,4,11,3,1.0,136.05,115.31086165430979,20.739138345690222
14,5,3.0,4,0,0,0,0,0,12.0,0.0,0.0,0,0,4,0,0.35714285714285715,1.0200000000000002,1.0073873419160637,0.012612658083936523
12,8,14.0,3,3,0,1,0,0,18.0,24.0,0.0,12,0,7,3,0.6666666666666666,89.77499999999999,76.96947996065614,12.805520039343847
3,2,0.0,2,1,0,0,0,0,0.0,0.0,0.0,0,0,3,1,0.6666666666666666,2.28,3.758320816411665,-1.478320816411665
3,3,4.0,10,3,2,1,0,0,40.0,12.0,8.0,12,0,16,3,1.0,38.55,37.39339243364042,1.1566075663595754
22,6,8.0,7,0,0,0,0,0,42.0,0.0,0.0,0,0,7,0,0.2727272727272727,3.65,2.460024046981693,1.189975953018307
2,2,12.0,5,3,1,1,0,0,30.0,24.0,4.0,12,0,10,3,1.0,63.75,89.15638456710069,-25.406384567100687
6,6,10.0,6,1,1,0,0,0,36.0,8.0,4.0,0,0,8,1,1.0,32.0,20.474237875418314,11.525762124581686
8,7,7.0,12,4,2,1,0,0,72.0,28.0,8.0,12,0,19,4,0.875,49.0,67.9054158956027,-18.9054158956027
2,3,12.0,18,3,2,1,1,4,108.0,24.0,8.0,12,4,25,4,1.5,153.2325,148.18997541051658,5.042524589483406
7,5,11.0,8,3,0,0,0,0,48.0,24.0,0.0,0,0,11,3,0.7142857142857143,29.493749999999995,46.88191929735637,-17.388169297356374
2,1,10.0,4,2,1,0,0,0,24.0,16.0,4.0,0,0,7,2,0.5,35.25,26.95565812135092,8.294341878649082
1,2,0.0,4,1,0,0,0,0,0.0,0.0,0.0,0,0,5,1,2.0,2.04,4.354680297491988,-2.3146802974919876
3,2,5.0,3,1,1,1,0,0,15.0,5.0,4.0,12,0,6,1,0.6666666666666666,15.187500000000002,20.426095891921406,-5.238595891921404
9,6,4.0,15,4,3,1,0,0,60.0,16.0,12.0,12,0,23,4,0.6666666666666666,47.97,46.80335202045156,1.1666479795484364
4,5,19.0,3,2,0,0,0,0,18.0,16.0,0.0,0,0,5,2,1.25,21.137500000000003,47.13165943914967,-25.99415943914967
2,2,1.0,3,2,0,1,0,0,3.0,2.0,0.0,12,0,6,2,1.0,17.7,17.713561205445014,-0.013561205445014934
28,19,0.0,0,0,0,0,0,0,0.0,0.0,0.0,0,0,0,0,0.6785714285714286,0.3,1.2591692140824524,-0.9591692140824524
4,3,0.0,6,0,0,0,0,0,0.0,0.0,0.0,0,0,6,0,0.75,1.74,1.6262399392742772,0.11376006072572276
6,5,24.0,6,3,1,1,0,0,36.0,24.0,4.0,12,0,11,3,0.8333333333333334,153.2325,137.9813783648807,15.25112163511929
12,12,2.0,9,5,4,1,0,0,18.0,10.0,8.0,12,0,19,5,1.0,31.74,34.84449222322465,-3.10449222322465
5,4,6.0,15,4,2,1,0,0,90.0,24.0,8.0,12,0,22,4,0.8,76.23750000000001,57.05458549229,19.18291450771001
6,5,3.0,13,6,1,1,0,0,39.0,18.0,3.0,12,0,21,6,0.8333333333333334,42.36000000000001,36.066175260050144,6.293824739949862
5,4,7.0,6,1,1,0,0,0,36.0,7.0,4.0,0,0,8,1,0.8,5.075,14.032738921239773,-8.957738921239773
4,3,6.0,3,1,0,0,0,0,18.0,6.0,0.0,0,0,4,1,0.75,2.925,5.727549258708406,-2.8025492587084058
4,3,0.0,4,0,0,0,0,0,0.0,0.0,0.0,0,0,4,0,0.75,2.4000000000000004,1.4347580074508943,0.965241992549106
4,3,4.0,6,1,1,1,0,0,24.0,4.0,4.0,12,0,9,1,0.75,24.24,22.668628334625684,1.5713716653743148
7,5,5.0,16,3,0,0,0,0,80.0,15.0,0.0,0,0,19,3,0.7142857142857143,14.500000000000002,14.783352055398543,-0.2833520553985416
2,8,6.0,7,0,0,0,0,0,42.0,0.0,0.0,0,0,7,0,4.0,0.675,5.363991979623719,-4.68899197962372
6,4,5.0,4,1,1,0,0,0,20.0,5.0,4.0,0,0,6,1,0.6666666666666666,4.40625,8.103460484459296,-3.697210484459296
6,7,4.0,6,0,0,0,0,0,24.0,0.0,0.0,0,0,6,0,1.1666666666666667,2.4600000000000004,1.9063642801716356,0.5536357198283648
5,5,4.0,18,0,2,1,0,0,72.0,0.0,8.0,12,0,21,0,1.0,35.13,37.31099525502994,-2.1809952550299343
6,5,0.0,7,0,0,0,0,0,0.0,0.0,0.0,0,0,7,0,0.8333333333333334,0.0,1.749073744500477,-1.749073744500477
23,10,1.0,12,0,0,0,0,0,12.0,0.0,0.0,0,0,12,0,0.43478260869565216,0.8400000000000001,2.6312388887972378,-1.7912388887972377
4,3,6.0,9,2,1,1,0,0,54.0,12.0,4.0,12,0,13,2,0.75,41.025,31.04817166843144,9.976828331568559
3,2,3.0,4,0,0,1,0,0,12.0,0.0,0.0,12,0,5,0,0.6666666666666666,13.26,16.142128460677124,-2.8821284606771247
6,4,11.0,6,3,1,0,0,0,36.0,24.0,4.0,0,0,10,3,0.6666666666666666,45.375,49.95817877685279,-4.58317877685279
8,4,12.0,2,0,1,1,0,0,12.0,0.0,4.0,12,0,4,0,0.5,40.95,59.0765372189412,-18.126537218941195
3,4,4.0,5,2,1,1,0,0,20.0,8.0,4.0,12,0,9,2,1.3333333333333333,24.0,24.64916765293641,-0.6491676529364092
4,4,0.0,8,3,1,1,0,0,0.0,0.0,0.0,12,0,13,3,1.0,30.420000000000005,23.221729448333143,7.198270551666862
7,6,24.0,5,1,1,1,0,0,30.0,8.0,4.0,12,0,8,1,0.8571428571428571,103.5,121.85249134924555,-18.352491349245554
2,3,15.0,6,4,1,1,1,4,36.0,32.0,4.0,12,4,13,5,1.5,153.2325,150.94627561058115,2.286224389418834
6,1,0.0,5,1,0,0,0,0,0.0,0.0,0.0,0,0,6,1,0.16666666666666666,5.94,4.493826604944045,1.446173395055955
6,5,11.0,8,3,1,0,0,0,48.0,24.0,4.0,0,0,12,3,0.8333333333333334,44.9625,53.00453117361719,-8.04203117361719
1,2,12.0,2,1,0,1,0,0,12.0,8.0,0.0,12,0,4,1,2.0,43.2,54.73551228679554,-11.535512286795537
3,2,0.0,0,0,0,0,0,0,0.0,0.0,0.0,0,0,0,0,0.6666666666666666,0.3,0.9282679840883763,-0.6282679840883763
7,4,4.0,3,3,1,0,0,0,12.0,12.0,4.0,0,0,7,3,0.5714285714285714,7.2,11.403620781521004,-4.203620781521004
3,2,0.0,3,0,0,0,0,0,0.0,0.0,0.0,0,0,3,0,0.6666666666666666,1.26,0.9282679840883763,0.3317320159116237
7,3,2.0,7,2,0,0,0,0,14.0,4.0,0.0,0,0,9,2,0.42857142857142855,2.4000000000000004,5.814890768182677,-3.4148907681826763
2,7,3.0,1,3,0,0,0,0,3.0,9.0,0.0,0,0,4,3,3.5,3.69,7.6477910291024465,-3.9577910291024465
3,2,1.0,6,2,1,1,0,0,6.0,2.0,1.0,12,0,10,2,0.6666666666666666,17.7,20.441087623303506,-2.741087623303507
11,6,22.0,8,1,1,0,0,0,48.0,8.0,4.0,0,0,10,1,0.5454545454545454,103.95,77.07854732701546,26.871452672984546
8,5,9.0,5,2,0,1,0,0,30.0,16.0,0.0,12,0,8,2,0.625,33.974999999999994,44.63972241619709,-10.664722416197094
16,4,3.0,4,0,0,0,0,0,12.0,0.0,0.0,0,0,4,0,0.25,4.86,1.123484495875967,3.736515504124033
12,6,0.0,6,0,0,0,0,0,0.0,0.0,0.0,0,0,6,0,0.5,2.28,1.2726408922121264,1.0073591077878734
7,3,5.0,2,1,1,0,0,0,10.0,5.0,4.0,0,0,4,1,0.42857142857142855,8.875,7.553139293141004,1.3218607068589963
5,2,3.0,4,1,1,1,0,0,12.0,3.0,3.0,12,0,7,1,0.4,15.0,19.136877920719478,-4.136877920719478
2,1,5.0,3,0,0,0,0,0,15.0,0.0,0.0,0,0,3,0,0.5,0.9375,0.8935077620084071,0.04399223799159291
6,3,12.0,6,2,1,1,0,0,36.0,16.0,4.0,12,0,10,2,0.5,70.575,76.00708969303369,-5.432089693033689
2,4,2.0,8,3,1,0,0,0,16.0,6.0,2.0,0,0,12,3,2.0,8.160000000000002,9.20807152264972,-1.0480715226497175
5,6,3.0,6,0,0,0,0,0,18.0,0.0,0.0,0,0,6,0,1.2,1.2600000000000002,1.586444414676161,-0.3264444146761607
15,12,14.0,23,5,1,1,0,0,138.0,40.0,4.0,12,0,30,5,0.8,153.2325,134.0542728551504,19.178227144849586
10,5,0.0,12,3,0,0,0,0,0.0,0.0,0.0,0,0,15,3,0.5,23.88,9.464026471025559,14.41597352897444
5,2,9.0,3,0,0,0,0,0,18.0,0.0,0.0,0,0,3,0,0.4,4.7250000000000005,0.17257231297312106,4.55242768702688
6,7,12.0,8,3,1,1,0,0,48.0,24.0,4.0,12,0,13,3,1.1666666666666667,78.3,98.28478568327137,-19.98478568327137
4,2,6.0,6,1,1,0,0,0,36.0,6.0,4.0,0,0,8,1,0.5,22.6875,10.98437527995367,11.70312472004633
1,1,10.0,3,1,1,1,0,0,18.0,8.0,4.0,12,0,6,1,1.0,30.625,47.082177638441806,-16.457177638441806
3,2,0.0,3,0,0,0,0,0,0.0,0.0,0.0,0,0,3,0,0.6666666666666666,1.14,0.9282679840883763,0.2117320159116236
8,7,12.0,6,2,1,1,0,0,36.0,16.0,4.0,12,0,10,2,0.875,88.19999999999999,79.09619985071582,9.103800149284169
11,5,10.0,10,5,1,1,1,4,60.0,40.0,4.0,12,4,18,6,0.45454545454545453,138.875,134.77490506384868,4.100094936151322
1,3,7.0,5,0,0,0,0,0,30.0,0.0,0.0,0,0,5,0,3.0,10.5875,3.5845016356782846,7.002998364321716
2,6,4.0,6,3,1,1,0,0,24.0,12.0,4.0,12,0,11,3,3.0,29.700000000000003,26.18272773282094,3.517272267179063
6,6,3.0,10,1,1,0,0,0,30.0,3.0,3.0,0,0,12,1,1.0,6.18,7.508762729771961,-1.3287627297719613
4,8,2.0,8,3,2,1,0,0,16.0,6.0,4.0,12,0,14,3,2.0,17.22,36.048023701925636,-18.828023701925638
16,6,2.0,6,0,0,0,0,0,12.0,0.0,0.0,0,0,6,0,0.375,0.36,1.2726408922121264,-0.9126408922121264
3,3,8.0,5,0,1,1,0,0,30.0,0.0,4.0,12,0,7,0,1.0,25.95,29.707052981877865,-3.757052981877866
6,3,5.0,8,2,1,0,0,0,40.0,10.0,4.0,0,0,11,2,0.5,6.0,12.378670648172958,-6.3786706481729585
3,3,0.0,4,1,0,0,0,0,0.0,0.0,0.0,0,0,5,1,1.0,1.98,4.354680297491988,-2.3746802974919876
6,3,1.0,4,0,0,0,0,0,4.0,0.0,0.0,0,0,4,0,0.5,4.2,1.4347580074508943,2.7652419925491056
6,4,11.0,1,2,1,0,0,0,6.0,16.0,4.0,0,0,4,2,0.6666666666666666,43.8625,29.3065687026548,14.555931297345197
7,4,5.0,8,2,1,1,0,0,40.0,10.0,4.0,12,0,12,2,0.5714285714285714,29.5,26.00168246113825,3.4983175388617482
19,8,3.0,15,0,4,1,1,4,45.0,0.0,12.0,12,4,21,1,0.42105263157894735,63.120000000000005,52.28815606442065,10.831843935579357
6,4,4.0,15,2,2,0,0,0,60.0,8.0,8.0,0,0,19,2,0.6666666666666666,17.82,23.826203597393643,-6.006203597393643
14,7,8.0,4,2,1,1,0,0,24.0,16.0,4.0,12,0,8,2,0.5,29.6,39.38797713263784,-9.787977132637842
4,3,7.0,5,2,1,1,0,0,30.0,14.0,4.0,12,0,9,2,0.75,36.05,34.24135474639242,1.8086452536075797
13,9,12.0,12,0,0,0,0,0,72.0,0.0,0.0,0,0,12,0,0.6923076923076923,20.175,15.547257958701861,4.62774204129814
4,4,4.0,3,0,0,0,0,0,12.0,0.0,0.0,0,0,3,0,1.0,0.81,0.8585039395510348,-0.048503939551034714
6,3,6.0,4,3,1,1,0,0,24.0,18.0,4.0,12,0,9,3,0.5,33.6,32.97293935242417,0.6270606475758314
3,4,6.0,7,1,1,1,0,0,42.0,6.0,4.0,12,0,10,1,1.3333333333333333,23.55,27.113336281747923,-3.5633362817479224
6,2,8.0,3,0,0,0,0,0,18.0,0.0,0.0,0,0,3,0,0.3333333333333333,2.5,0.8250720787204702,1.6749279212795298
1,1,12.0,3,1,1,1,0,0,18.0,8.0,4.0,12,0,6,1,1.0,47.775,63.782891576946916,-16.007891576946918
5,5,3.0,4,0,0,0,0,0,12.0,0.0,0.0,0,0,4,0,1.0,0.9,1.394962482852778,-0.494962482852778
8,5,0.0,5,0,0,0,0,0,0.0,0.0,0.0,0,0,5,0,0.625,0.0,1.5470346866317906,-1.5470346866317906
7,3,10.0,5,0,0,0,0,0,30.0,0.0,0.0,0,0,5,0,0.42857142857142855,13.75,5.12575908194702,8.62424091805298
49,20,11.0,27,7,6,1,0,0,162.0,56.0,24.0,12,0,41,7,0.40816326530612246,101.0625,141.07604522375593,-40.013545223755926
3,3,12.0,5,2,1,1,0,0,30.0,16.0,4.0,12,0,9,2,1.0,79.725,76.99986362505412,2.725136374945876
10,7,12.0,9,3,1,0,0,0,54.0,24.0,4.0,0,0,13,3,0.7,45.3,67.00445227567633,-21.70445227567633
1,10,10.0,3,1,1,0,0,0,18.0,8.0,4.0,0,0,5,1,10.0,9.0625,18.7261781172903,-9.6636781172903
15,6,0.0,20,3,1,0,0,0,0.0,0.0,0.0,0,0,24,3,0.4,0.0,19.036876314629573,-19.036876314629573
9,4,5.0,8,1,0,0,0,0,40.0,5.0,0.0,0,0,9,1,0.4444444444444444,12.0625,6.024591800865136,6.037908199134864
21,30,2.0,32,11,3,1,0,0,64.0,22.0,6.0,12,0,47,11,1.4285714285714286,29.28,44.685628548030934,-15.405628548030933
5,3,6.0,3,3,0,0,0,0,18.0,18.0,0.0,0,0,6,3,0.6,8.8125,17.683039807157407,-8.870539807157407
3,2,9.0,3,1,0,0,0,0,18.0,8.0,0.0,0,0,4,1,0.6666666666666666,8.212499999999999,6.9827912179167795,1.229708782083219
7,6,9.0,5,1,1,0,0,0,30.0,8.0,4.0,0,0,7,1,0.8571428571428571,19.575000000000003,15.003081087341142,4.571918912658861
5,4,8.0,3,2,1,0,0,0,18.0,16.0,4.0,0,0,6,2,0.8,26.399999999999995,21.55758317770421,4.842416822295785
3,4,4.0,5,4,1,0,0,0,20.0,16.0,4.0,0,0,10,4,1.3333333333333333,23.160000000000004,19.85560738549583,3.3043926145041738
3,4,3.0,18,4,2,1,0,0,54.0,12.0,6.0,12,0,25,4,1.3333333333333333,45.57,43.33601394121939,2.2339860587806086
9,6,7.0,6,0,0,0,0,0,36.0,0.0,0.0,0,0,6,0,0.6666666666666666,3.2375000000000007,4.192854473881668,-0.955354473881667
11,6,3.0,8,1,0,0,0,0,24.0,3.0,0.0,0,0,9,1,0.5454545454545454,4.5,6.01036819701832,-1.5103681970183196
4,3,0.0,5,2,1,0,0,0,0.0,0.0,0.0,0,0,8,2,0.75,10.38,6.030527066841214,4.349472933158787
13,8,3.0,10,4,2,1,0,0,30.0,12.0,6.0,12,0,17,4,0.6153846153846154,29.22000000000001,34.02551557489504,-4.805515574895029
2,1,9.0,4,0,0,1,0,0,24.0,0.0,0.0,12,0,5,0,0.5,22.5,29.0155801919512,-6.5155801919512015
6,3,8.0,7,2,1,1,0,0,42.0,16.0,4.0,12,0,11,2,0.5,44.7,39.72515807608309,4.974841923916912
5,3,3.0,6,0,1,1,0,0,18.0,0.0,3.0,12,0,8,0,0.6,18.72,17.203845322572054,1.516154677427945
5,3,24.0,4,0,0,0,0,0,24.0,0.0,0.0,0,0,4,0,0.6,6.6,17.866685500756894,-11.266685500756894
7,8,16.0,13,2,1,1,0,0,78.0,16.0,4.0,12,0,17,2,1.1428571428571428,131.2,120.9079994915532,10.29200050844679
6,4,4.0,15,5,1,1,0,0,60.0,20.0,4.0,12,0,22,5,0.6666666666666666,47.04,34.60087271795466,12.439127282045341
5,3,12.0,4,3,1,1,0,0,24.0,24.0,4.0,12,0,9,3,0.6,54.675,89.32735188734434,-34.65235188734434
3,1,2.0,4,0,0,0,0,0,8.0,0.0,0.0,0,0,4,0,0.3333333333333333,0.48,1.360986388978215,-0.880986388978215
10,5,0.0,5,0,0,0,0,0,0.0,0.0,0.0,0,0,5,0,0.5,0.36,1.645818153742768,-1.2858181537427682
8,4,2.0,4,0,0,0,0,0,8.0,0.0,0.0,0,0,4,0,0.5,0.8400000000000001,1.4347580074508943,-0.5947580074508942
2,2,12.0,5,2,1,1,0,0,30.0,16.0,4.0,12,0,9,2,1.0,101.55,76.60540056345813,24.944599436541864
6,7,2.0,4,0,0,0,0,0,8.0,0.0,0.0,0,0,4,0,1.1666666666666667,1.29,1.394962482852778,-0.10496248285277798
29,8,8.0,12,9,9,1,0,0,72.0,72.0,36.0,12,0,31,9,0.27586206896551724,148.2,109.5222463407269,38.677753659273094
1,1,10.0,4,1,1,1,1,4,24.0,8.0,4.0,12,4,8,2,1.0,91.625,107.4648382137457,-15.839838213745693
6,6,18.0,8,4,3,1,1,4,48.0,32.0,12.0,12,4,17,5,1.0,153.2325,164.59003218938508,-11.357532189385097
2,3,7.0,5,3,2,1,0,0,30.0,21.0,8.0,12,0,11,3,1.5,50.225,49.36802317193354,0.8569768280664647
10,3,4.0,5,1,0,0,0,0,20.0,4.0,0.0,0,0,6,1,0.3,2.43,4.557849849975055,-2.1278498499750547
3,3,2.0,3,0,0,0,0,0,6.0,0.0,0.0,0,0,3,0,1.0,1.6800000000000002,0.8932641616310042,0.786735838368996
7,4,0.0,6,2,1,0,0,0,0.0,0.0,0.0,0,0,9,2,0.5714285714285714,8.700000000000001,6.911218481286437,1.7887815187135638
5,4,4.0,5,1,1,0,0,0,20.0,4.0,4.0,0,0,7,1,0.8,5.16,8.176697697825164,-3.0166976978251636
7,5,5.0,19,4,1,1,0,0,95.0,20.0,4.0,12,0,25,4,0.7142857142857143,35.75000000000001,36.40489450135141,-0.6548945013514
9,6,21.0,10,6,2,0,0,0,60.0,48.0,8.0,0,0,18,6,0.6666666666666666,153.2325,118.04480616706118,35.187693832938805
6,7,12.0,5,2,0,0,0,0,30.0,16.0,0.0,0,0,7,2,1.1666666666666667,33.9,34.35295416936652,-0.4529541693665209
4,3,12.0,3,2,1,1,0,0,18.0,16.0,4.0,12,0,7,2,0.75,40.95,69.2115534494287,-28.261553449428703
5,4,4.0,6,1,1,1,0,0,24.0,4.0,4.0,12,0,9,1,0.8,18.24,22.668628334625684,-4.428628334625685
5,3,10.0,6,2,1,1,0,0,36.0,16.0,4.0,12,0,10,2,0.6,54.875,59.45810296339733,-4.58310296339733
8,7,11.0,8,4,1,1,0,0,48.0,32.0,4.0,12,0,14,4,0.875,87.175,90.74200477913294,-3.567004779132944
5,3,6.0,3,1,0,0,0,0,18.0,6.0,0.0,0,0,4,1,0.6,8.1,5.727549258708406,2.372450741291594
2,1,4.0,4,1,0,0,0,0,16.0,4.0,0.0,0,0,5,1,0.5,5.760000000000001,4.273881785649987,1.4861182143500136
1,1,12.0,5,2,1,1,0,0,30.0,16.0,4.0,12,0,9,2,1.0,48.75,76.60540056345813,-27.855400563458133
10,8,1.0,8,5,1,1,0,0,8.0,5.0,1.0,12,0,15,5,0.8,21.180000000000003,24.63446052835603,-3.4544605283560266
3,3,7.0,4,0,0,0,0,0,24.0,0.0,0.0,0,0,4,0,1.0,3.0625,3.058275727552959,0.004224272447041155
5,4,3.0,6,2,1,0,0,0,18.0,6.0,3.0,0,0,9,2,0.8,15.78,7.498864602293003,8.281135397706997
5,2,0.0,4,0,0,1,0,0,0.0,0.0,0.0,12,0,5,0,0.4,13.26,16.142128460677124,-2.8821284606771247
2,1,4.0,2,1,1,0,0,0,8.0,4.0,4.0,0,0,4,1,0.5,4.44,7.553139293141004,-3.1131392931410033
7,3,5.0,7,3,1,1,0,0,35.0,15.0,4.0,12,0,12,3,0.42857142857142855,20.40625,27.405795820959998,-6.999545820959998
5,3,6.0,6,2,1,0,0,0,36.0,12.0,4.0,0,0,9,2,0.6,12.9,13.909699042958298,-1.0096990429582977
17,6,10.0,10,0,0,0,0,0,60.0,0.0,0.0,0,0,10,0,0.35294117647058826,8.5625,11.563493136992328,-3.000993136992328
7,4,10.0,8,4,2,1,1,4,48.0,32.0,8.0,12,4,16,5,0.5714285714285714,127.5,124.45850051241032,3.0414994875896753
2,2,11.0,8,2,1,1,0,0,48.0,16.0,4.0,12,0,12,2,1.0,71.5,66.97857944847621,4.521420551523789
3,5,4.0,8,1,0,0,0,0,32.0,4.0,0.0,0,0,9,1,1.6666666666666667,12.420000000000002,6.454781992771672,5.96521800722833
3,2,0.0,2,0,0,0,0,0,0.0,0.0,0.0,0,0,2,0,0.6666666666666666,0.66,0.9282679840883763,-0.26826798408837627
10,4,4.0,6,2,2,1,0,0,24.0,8.0,8.0,12,0,11,2,0.4,39.870000000000005,32.18746835828258,7.682531641717425
1,15,8.0,1,1,1,0,0,0,6.0,8.0,4.0,0,0,3,1,15.0,14.1,13.895482969302495,0.20451703069750415
4,3,3.0,7,0,1,1,0,0,21.0,0.0,3.0,12,0,9,0,0.75,17.52,18.45798303444639,-0.9379830344463898
5,5,5.0,6,1,0,0,0,0,30.0,5.0,0.0,0,0,7,1,1.0,3.1875000000000004,5.093636431576505,-1.9061364315765048
1,2,20.0,7,2,1,1,0,0,42.0,16.0,4.0,12,0,11,2,2.0,89.5,116.09919441871112,-26.59919441871112
4,1,14.0,2,1,0,1,0,0,12.0,8.0,0.0,12,0,4,1,0.25,41.475,56.688873257739395,-15.213873257739394
7,2,2.0,5,1,1,0,0,0,10.0,2.0,2.0,0,0,7,1,0.2857142857142857,5.22,5.717779825414752,-0.4977798254147521
6,10,7.0,13,5,1,1,0,0,78.0,35.0,4.0,12,0,20,5,1.6666666666666667,83.3875,62.80037954853638,20.587120451463626
5,5,7.0,8,2,1,1,0,0,48.0,14.0,4.0,12,0,12,2,1.0,39.11250000000001,36.55842296868997,2.554077031310044
7,5,5.0,5,3,1,1,0,0,25.0,15.0,4.0,12,0,10,3,0.7142857142857143,37.53125,26.136689443058906,11.394560556941094
3,1,9.0,1,1,1,0,0,0,6.0,8.0,4.0,0,0,3,1,0.3333333333333333,22.725,10.951240411624463,11.773759588375539
11,3,2.0,5,0,1,0,0,0,10.0,0.0,2.0,0,0,6,0,0.2727272727272727,5.16,3.6294708289059567,1.5305291710940434
4,4,4.0,5,3,1,1,0,0,20.0,12.0,4.0,12,0,10,3,1.0,20.700000000000003,26.053281012758156,-5.353281012758153
8,6,9.0,6,0,0,0,0,0,36.0,0.0,0.0,0,0,6,0,0.75,6.862500000000001,4.516852578525452,2.345647421474549
9,4,4.0,7,0,0,0,0,0,28.0,0.0,0.0,0,0,7,0,0.4444444444444444,4.800000000000001,2.0410325537985763,2.7589674462014244
6,7,12.0,9,0,0,0,0,0,54.0,0.0,0.0,0,0,9,0,1.1666666666666667,19.05,14.856436981454504,4.193563018545497
3,2,5.0,0,2,1,0,0,0,0.0,10.0,4.0,0,0,3,2,0.6666666666666666,7.156250000000001,10.080473698791069,-2.924223698791068
10,6,24.0,4,0,0,0,0,0,24.0,0.0,0.0,0,0,4,0,0.6,4.35,23.209326680256297,-18.859326680256295
6,4,4.0,4,0,0,0,0,0,16.0,0.0,0.0,0,0,4,0,0.6666666666666666,3.3600000000000003,1.399997785370925,1.9600022146290754
9,6,0.0,4,0,0,0,0,0,0.0,0.0,0.0,0,0,4,0,0.6666666666666666,0.0,1.4299663053101503,-1.4299663053101503
5,8,10.0,11,3,1,1,0,0,66.0,24.0,4.0,12,0,16,3,1.6,82.62500000000001,72.39823442789981,10.226765572100206
4,3,15.0,5,4,1,1,0,0,30.0,32.0,4.0,12,0,11,4,0.75,102.0,111.90107339093045,-9.90107339093045
8,4,12.0,3,0,0,1,0,0,18.0,0.0,0.0,12,0,4,0,0.5,56.7,50.672071052824336,6.027928947175667
4,4,4.0,9,2,1,0,0,0,36.0,8.0,4.0,0,0,12,2,1.0,11.1,12.740848505608705,-1.6408485056087052
5,4,5.0,9,3,1,1,0,0,45.0,15.0,4.0,12,0,14,3,0.8,30.531250000000004,29.131203272805934,1.40004672719407
6,5,24.0,6,3,1,1,0,0,36.0,24.0,4.0,12,0,11,3,0.8333333333333334,153.2325,137.9813783648807,15.25112163511929
14,14,14.0,5,0,0,0,0,0,30.0,0.0,0.0,0,0,5,0,1.0,38.9375,8.715610365173275,30.221889634826724
16,14,2.0,10,6,3,0,0,0,20.0,12.0,6.0,0,0,19,6,0.875,29.820000000000007,21.22956337320948,8.590436626790527
4,3,12.0,18,5,1,1,1,4,108.0,40.0,4.0,12,4,26,6,0.75,153.2325,155.65138338435887,-2.418883384358878
4,3,10.0,5,2,1,0,0,0,30.0,16.0,4.0,0,0,8,2,0.75,35.0,28.045721397091988,6.954278602908012
5,1,3.0,2,2,1,0,0,0,6.0,6.0,3.0,0,0,5,2,0.2,5.430000000000001,6.27063712746296,-0.8406371274629594
19,7,6.0,5,2,0,0,0,0,30.0,12.0,0.0,0,0,7,2,0.3684210526315789,16.05,7.322845713970261,8.72715428602974
5,6,14.0,8,2,1,0,0,0,48.0,16.0,4.0,0,0,11,2,1.2,47.25,47.15408782103167,0.0959121789683266
5,3,5.0,5,3,1,1,0,0,25.0,15.0,4.0,12,0,10,3,0.6,20.500000000000004,26.039995481334245,-5.539995481334241
4,4,6.0,5,0,0,1,0,0,30.0,0.0,0.0,12,0,6,0,1.0,17.175,19.1789356009703,-2.0039356009702978
6,2,0.0,4,1,1,0,0,0,0.0,0.0,0.0,0,0,6,1,0.3333333333333333,6.990000000000001,5.533237160229726,1.456762839770275
5,7,5.0,6,1,1,0,0,0,30.0,5.0,4.0,0,0,8,1,1.4,11.875,8.995075358492747,2.8799246415072535
6,2,4.0,4,1,1,0,0,0,16.0,4.0,4.0,0,0,6,1,0.3333333333333333,7.38,8.029688865986618,-0.6496888659866178
16,23,10.0,43,12,3,1,0,0,258.0,96.0,12.0,12,0,59,12,1.4375,153.2325,128.2515971953736,24.980902804626396
2,2,9.0,3,1,0,1,0,0,18.0,8.0,0.0,12,0,5,1,1.0,25.9875,32.79302202276924,-6.805522022769242
4,4,0.0,6,0,0,0,0,0,0.0,0.0,0.0,0,0,6,0,1.0,5.7,1.591236116816905,4.108763883183095
4,6,5.0,6,3,1,1,0,0,30.0,15.0,4.0,12,0,11,3,1.5,30.750000000000007,27.00342069576282,3.746579304237187
2,6,4.0,4,1,4,0,0,0,16.0,4.0,16.0,0,0,9,1,3.0,0.0,22.627906866573074,-22.627906866573074
4,3,8.0,4,0,1,1,0,0,24.0,0.0,4.0,12,0,6,0,0.75,31.7,29.004640059899568,2.695359940100431
7,1,6.0,0,1,1,0,0,0,0.0,6.0,4.0,0,0,2,1,0.14285714285714285,7.575,9.345674107729886,-1.770674107729886
17,10,0.0,0,0,0,0,0,0,0.0,0.0,0.0,0,0,0,0,0.5882352941176471,1.2000000000000002,0.5746689370262243,0.6253310629737758
9,3,4.0,5,0,1,0,0,0,20.0,0.0,4.0,0,0,6,0,0.3333333333333333,8.76,6.539815975045239,2.2201840249547606
19,6,1.0,5,0,0,0,0,0,5.0,0.0,0.0,0,0,5,0,0.3157894736842105,1.32,1.124455723237704,0.19554427676229613
9,5,6.0,6,2,1,1,0,0,36.0,12.0,4.0,12,0,10,2,0.5555555555555556,44.175,28.336001738525795,15.838998261474202
11,7,0.0,5,0,0,0,0,0,0.0,0.0,0.0,0,0,5,0,0.6363636363636364,2.1,1.645818153742768,0.454181846257232
5,3,14.0,10,4,1,1,0,0,60.0,32.0,4.0,12,0,16,4,0.6,127.05,113.51671549025531,13.53328450974469
7,5,9.0,10,5,3,1,0,0,60.0,40.0,12.0,12,0,19,5,0.7142857142857143,84.9375,94.8056500600506,-9.868150060050596
4,3,1.0,5,2,0,0,0,0,5.0,2.0,0.0,0,0,7,2,0.75,1.2000000000000002,4.456292771597567,-3.2562927715975665
4,6,17.0,9,3,1,1,0,0,54.0,24.0,4.0,12,0,14,3,1.5,150.025,112.87770067302391,37.147299326976096
5,2,12.0,5,1,0,0,0,0,30.0,8.0,0.0,0,0,6,1,0.4,8.175,9.491058188965829,-1.3160581889658278
22,11,1.0,12,6,2,0,0,0,12.0,6.0,2.0,0,0,20,6,0.5,8.940000000000001,19.083288864198725,-10.143288864198723
4,5,5.0,8,1,1,1,0,0,40.0,5.0,4.0,12,0,11,1,1.25,23.25,24.177686611683143,-0.9276866116831428
5,2,5.0,5,0,0,0,0,0,25.0,0.0,0.0,0,0,5,0,0.4,2.5625000000000004,1.8717462542680097,0.6907537457319908
9,12,3.0,20,1,2,0,0,0,60.0,3.0,6.0,0,0,23,1,1.3333333333333333,7.98,24.41825130405986,-16.43825130405986
4,3,8.0,5,3,1,1,0,0,30.0,24.0,4.0,12,0,10,3,0.75,57.6,49.36002772196939,8.239972278030613
22,8,21.0,22,8,3,1,0,0,132.0,64.0,12.0,12,0,34,8,0.36363636363636365,153.2325,163.1618974616958,-9.9293974616958
3,2,6.0,3,1,0,0,0,0,18.0,6.0,0.0,0,0,4,1,0.6666666666666666,2.1000000000000005,5.634509758472539,-3.534509758472539
4,4,6.0,5,3,1,1,0,0,30.0,18.0,4.0,12,0,10,3,1.0,23.025,34.227415152991156,-11.202415152991158
4,1,10.0,2,1,1,0,0,0,12.0,8.0,4.0,0,0,4,1,0.25,20.0,16.7441535820457,3.2558464179542987
15,8,8.0,18,8,5,1,0,0,108.0,64.0,20.0,12,0,32,8,0.5333333333333333,153.2325,119.05798897027307,34.174511029726915
4,3,8.0,6,3,1,1,0,0,36.0,24.0,4.0,12,0,11,3,0.75,62.1,49.36002772196939,12.739972278030613
9,4,12.0,5,3,0,1,0,0,30.0,24.0,0.0,12,0,9,3,0.4444444444444444,56.55,85.86354073820564,-29.313540738205646
6,3,24.0,5,2,1,1,0,0,30.0,16.0,4.0,12,0,9,2,0.5,153.2325,138.52973099111568,14.702769008884303
4,4,6.0,6,3,1,1,0,0,36.0,18.0,4.0,12,0,11,3,1.0,38.7,34.2668096785336,4.433190321466405
6,4,2.0,5,4,0,0,0,0,10.0,8.0,0.0,0,0,9,4,0.6666666666666666,15.27,8.873922603256574,6.396077396743426
2,1,0.0,3,0,0,0,0,0,0.0,0.0,0.0,0,0,3,0,0.5,0.0,0.9282679840883763,-0.9282679840883763
4,3,0.0,5,0,0,0,0,0,0.0,0.0,0.0,0,0,5,0,0.75,0.12,1.5518263887725345,-1.4318263887725347
7,3,11.0,10,3,2,1,1,4,60.0,24.0,8.0,12,4,17,4,0.42857142857142855,153.2325,140.52351074654572,12.708989253454263
5,6,6.0,2,1,1,0,0,0,12.0,6.0,4.0,0,0,4,1,1.2,11.325,9.901098759634136,1.423901240365863
4,4,7.0,4,0,1,0,0,0,24.0,0.0,4.0,0,0,5,0,1.0,9.0125,9.526475315987227,-0.5139753159872278
4,10,11.0,5,2,1,0,0,0,30.0,16.0,4.0,0,0,8,2,2.5,53.2125,31.865442590639613,21.347057409360385
7,3,12.0,6,3,1,1,0,0,36.0,24.0,4.0,12,0,11,3,0.42857142857142855,68.175,87.69386698314558,-19.518866983145585
14,8,5.0,10,4,1,1,0,0,50.0,20.0,4.0,12,0,16,4,0.5714285714285714,25.5625,31.8921220220916,-6.329622022091598
4,3,10.0,15,2,1,1,0,0,90.0,16.0,4.0,12,0,19,2,0.75,75.625,71.61422549503328,4.010774504966719
1,20,6.0,1,1,0,1,1,4,6.0,6.0,0.0,12,4,4,2,20.0,52.125,66.90778751961595,-14.782787519615951
12,6,12.0,12,6,2,1,0,0,72.0,48.0,8.0,12,0,21,6,0.5,84.3,129.00650143950668,-44.70650143950668
10,16,3.0,6,2,1,0,0,0,18.0,6.0,3.0,0,0,9,2,1.6,5.4,8.816140812865221,-3.416140812865221
3,3,5.0,6,1,1,1,0,0,30.0,5.0,4.0,12,0,9,1,1.0,22.062500000000004,23.05710718527652,-0.9946071852765179
5,4,4.0,5,3,2,1,0,0,20.0,12.0,8.0,12,0,11,3,0.8,18.78,33.36567746313125,-14.585677463131248
1,2,3.0,6,2,0,0,0,0,18.0,6.0,0.0,0,0,8,2,2.0,13.92,6.0596102254108715,7.8603897745891285
6,4,10.0,5,1,1,0,0,0,30.0,8.0,4.0,0,0,7,1,0.6666666666666666,22.375000000000004,19.53874216902451,2.8362578309754944
6,6,12.0,4,2,2,1,0,0,24.0,16.0,8.0,12,0,9,2,1.0,99.6,86.6310289473945,12.968971052605497
7,5,21.0,8,4,1,1,1,4,48.0,32.0,4.0,12,4,15,5,0.7142857142857143,153.2325,155.4385463376725,-2.206046337672518
6,3,11.0,5,1,1,1,1,4,30.0,8.0,4.0,12,4,9,2,0.5,116.25625,111.98049893636825,4.275751063631745
3,2,10.0,3,1,0,0,0,0,18.0,8.0,0.0,0,0,4,1,0.6666666666666666,2.8750000000000004,8.947196174336291,-6.072196174336291
5,2,4.0,3,0,0,0,0,0,12.0,0.0,0.0,0,0,3,0,0.4,1.92,0.8935077620084071,1.0264922379915928
7,11,3.0,13,5,2,1,1,4,39.0,15.0,6.0,12,4,22,6,1.5714285714285714,92.91,57.6522082853768,35.257791714623195
10,7,4.0,4,0,0,0,0,0,16.0,0.0,0.0,0,0,4,0,0.7,0.48,1.4939895503411584,-1.0139895503411585
6,4,15.0,6,4,1,1,0,0,36.0,32.0,4.0,12,0,12,4,0.6666666666666666,110.8125,111.87709647738261,-1.064596477382608
8,5,4.0,14,1,0,0,0,0,56.0,4.0,0.0,0,0,15,1,0.625,10.02,9.522211277422226,0.4977887225777735
4,3,10.0,4,0,0,0,0,0,24.0,0.0,0.0,0,0,4,0,0.75,4.25,6.069834818295201,-1.8198348182952007
14,4,7.0,6,1,1,1,0,0,36.0,7.0,4.0,12,0,9,1,0.2857142857142857,25.025,32.426995013913846,-7.401995013913847
5,2,5.0,8,2,1,1,0,0,40.0,10.0,4.0,12,0,12,2,0.4,31.84375,26.259104164074284,5.584645835925716
5,4,2.0,6,4,1,0,0,0,12.0,8.0,2.0,0,0,11,4,0.8,29.700000000000003,10.097875823727277,19.602124176272724
4,3,11.0,10,2,1,0,0,0,60.0,16.0,4.0,0,0,13,2,0.75,37.400000000000006,41.375129908338906,-3.9751299083389
7,6,3.0,20,6,1,0,0,0,60.0,18.0,3.0,0,0,27,6,0.8571428571428571,40.56,38.97479155292498,1.5852084470750256
5,3,6.0,6,4,1,1,0,0,36.0,24.0,4.0,12,0,12,4,0.6,29.775,42.37461952269926,-12.599619522699264
10,4,12.0,6,1,2,0,0,0,36.0,8.0,8.0,0,0,9,1,0.4,32.25,33.466017273651865,-1.2160172736518646
9,5,1.0,1,0,0,0,0,0,1.0,0.0,0.0,0,0,1,0,0.5555555555555556,0.12,0.9234762819476321,-0.8034762819476321
4,3,8.0,5,2,1,1,1,4,30.0,16.0,4.0,12,4,10,3,0.75,94.85,96.08909608928157,-1.239096089281574
7,3,6.0,3,2,1,0,0,0,18.0,12.0,4.0,0,0,6,2,0.42857142857142855,9.75,10.659074434064458,-0.9090744340644576
3,3,5.0,5,2,1,1,0,0,25.0,10.0,4.0,12,0,9,2,1.0,17.375000000000004,24.681920411274533,-7.306920411274529
8,4,1.0,8,4,0,0,0,0,8.0,4.0,0.0,0,0,12,4,0.5,2.16,7.24687911277743,-5.08687911277743
7,6,14.0,12,4,1,1,0,0,72.0,32.0,4.0,12,0,18,4,0.8571428571428571,74.025,117.20879087570849,-43.18379087570848
11,5,0.0,6,3,0,0,0,0,0.0,0.0,0.0,0,0,9,3,0.45454545454545453,0.0,7.102146245205394,-7.102146245205394
1,1,19.0,2,1,0,0,0,0,12.0,8.0,0.0,0,0,3,1,1.0,7.6,21.98008588416547,-14.380085884165469
3,3,5.0,5,2,1,1,1,4,25.0,10.0,4.0,12,4,10,3,1.0,49.0,53.427742992498466,-4.427742992498466
6,3,4.0,6,3,1,1,0,0,24.0,12.0,4.0,12,0,11,3,0.5,19.380000000000003,26.039995481334245,-6.659995481334242
4,3,0.0,4,0,0,0,0,0,0.0,0.0,0.0,0,0,4,0,0.75,1.38,1.4347580074508943,-0.05475800745089443
5,5,4.0,5,0,0,0,0,0,20.0,0.0,0.0,0,0,5,0,1.0,0.99,1.4772706420944488,-0.4872706420944488
1,4,6.0,10,1,1,0,0,0,60.0,6.0,4.0,0,0,12,1,4.0,3.975,17.063615502829844,-13.088615502829844
2,3,0.0,3,1,0,0,0,0,0.0,0.0,0.0,0,0,4,1,1.5,1.2000000000000002,3.804359106173697,-2.604359106173697
5,2,0.0,3,1,1,0,0,0,0.0,0.0,0.0,0,0,5,1,0.4,7.290000000000001,5.026105204838146,2.263894795161855
5,6,15.0,5,3,1,0,0,0,30.0,24.0,4.0,0,0,9,3,1.2,56.43750000000001,63.31967206040007,-6.882172060400066
10,3,10.0,10,3,1,0,0,0,60.0,24.0,4.0,0,0,14,3,0.3,58.75,40.366651258676676,18.383348741323324
2,1,4.0,2,0,0,0,0,0,8.0,0.0,0.0,0,0,2,0,0.5,0.6000000000000001,0.8935077620084071,-0.293507762008407
18,8,4.0,15,8,2,1,0,0,60.0,32.0,8.0,12,0,26,8,0.4444444444444444,39.3,55.54348083414427,-16.243480834144272
3,3,6.0,9,3,1,1,0,0,54.0,18.0,4.0,12,0,14,3,1.0,49.95,38.030396067520265,11.919603932479738
11,5,7.0,8,5,2,1,0,0,48.0,35.0,8.0,12,0,16,5,0.45454545454545453,38.325,72.45595130548949,-34.13095130548949
11,6,10.0,12,3,2,1,0,0,72.0,24.0,8.0,12,0,18,3,0.5454545454545454,94.125,84.83882407743228,9.286175922567722
12,14,4.0,10,4,2,0,0,0,40.0,16.0,8.0,0,0,16,4,1.1666666666666667,15.72,24.83888610288078,-9.118886102880781
5,5,24.0,10,3,2,1,0,0,60.0,24.0,8.0,12,0,16,3,1.0,114.9,151.64907804621305,-36.74907804621304
5,3,7.0,12,4,3,1,0,0,72.0,28.0,12.0,12,0,20,4,0.6,70.17500000000001,71.84143185239073,-1.6664318523907156
3,6,12.0,6,2,1,1,1,4,36.0,16.0,4.0,12,4,11,3,2.0,153.2325,116.34558497234256,36.88691502765742
7,4,8.0,5,2,2,0,0,0,30.0,16.0,8.0,0,0,9,2,0.5714285714285714,29.1,30.7969191050099,-1.696919105009897
8,7,4.0,6,0,0,0,0,0,24.0,0.0,0.0,0,0,6,0,0.875,1.8,1.941368102629008,-0.1413681026290079
6,4,7.0,6,4,2,1,0,0,36.0,28.0,8.0,12,0,13,4,0.6666666666666666,55.34375,62.37143718759092,-7.027687187590921
6,4,16.0,8,3,2,1,1,4,48.0,24.0,8.0,12,4,15,4,0.6666666666666666,153.2325,150.62149415525172,2.611005844748263
2,2,3.0,5,2,1,1,0,0,15.0,6.0,3.0,12,0,9,2,1.0,21.9,21.074772034072108,0.8252279659278905
2,1,4.0,4,1,0,0,0,0,16.0,4.0,0.0,0,0,5,1,0.5,2.52,4.273881785649987,-1.753881785649987
5,3,18.0,4,1,0,0,0,0,24.0,8.0,0.0,0,0,5,1,0.6,19.2375,23.300295696224964,-4.062795696224963
5,3,7.0,18,3,1,1,0,0,108.0,21.0,4.0,12,0,23,3,0.6,53.900000000000006,45.75464928647213,8.145350713527876
7,4,3.0,8,0,0,1,0,0,24.0,0.0,0.0,12,0,9,0,0.5714285714285714,15.6,17.68946530564163,-2.08946530564163
7,2,1.0,2,1,1,0,0,0,2.0,1.0,1.0,0,0,4,1,0.2857142857142857,3.0600000000000005,5.019807870228852,-1.9598078702288513
2,3,0.0,3,1,0,0,0,0,0.0,0.0,0.0,0,0,4,1,1.5,0.0,3.804359106173697,-3.804359106173697
5,3,4.0,5,3,1,1,0,0,20.0,12.0,4.0,12,0,10,3,0.6,18.84,26.00724272299612,-7.1672427229961215
6,1,5.0,2,1,1,1,0,0,10.0,5.0,4.0,12,0,5,1,0.16666666666666666,23.75,20.463629725267882,3.2863702747321177
2,4,6.0,8,4,1,1,1,4,48.0,24.0,4.0,12,4,15,5,2.0,72.75,98.6221778537469,-25.872177853746905
15,9,3.0,6,3,1,1,0,0,18.0,9.0,3.0,12,0,11,3,0.6,20.040000000000003,23.441717840141642,-3.4017178401416395
4,3,8.0,6,3,1,1,0,0,36.0,24.0,4.0,12,0,11,3,0.75,45.5,49.36002772196939,-3.860027721969388
1,2,4.0,1,1,0,0,0,0,4.0,4.0,0.0,0,0,2,1,2.0,6.0600000000000005,3.769598884093728,2.2904011159062727
2,1,7.0,5,1,1,1,0,0,30.0,7.0,4.0,12,0,8,1,0.5,28.74375000000001,32.22854734770293,-3.4847973477029193
6,7,6.0,10,0,0,0,0,0,60.0,0.0,0.0,0,0,10,0,1.1666666666666667,1.575,5.980249975119961,-4.405249975119961
3,2,4.0,6,2,1,0,0,0,24.0,8.0,4.0,0,0,9,2,0.6666666666666666,19.5,11.407676732268264,8.092323267731736
9,8,4.0,15,0,1,1,0,0,60.0,0.0,4.0,12,0,17,0,0.8888888888888888,22.44,26.602884203574256,-4.162884203574254
14,15,4.0,6,0,0,0,0,0,24.0,0.0,0.0,0,0,6,0,1.0714285714285714,1.2000000000000002,2.24205721230646,-1.0420572123064598
15,6,8.0,12,1,2,0,0,0,72.0,8.0,8.0,0,0,15,1,0.4,29.3,24.589885211671074,4.7101147883289265
8,3,10.0,4,0,0,0,0,0,24.0,0.0,0.0,0,0,4,0,0.375,1.875,3.877706478444282,-2.002706478444282
6,5,24.0,9,3,2,1,1,4,54.0,24.0,8.0,12,4,16,4,0.8333333333333334,153.2325,158.25739155155148,-5.024891551551491
8,6,0.0,0,0,0,0,0,0,0.0,0.0,0.0,0,0,0,0,0.75,0.0,0.9234762819476321,-0.9234762819476321
18,9,5.0,15,6,2,0,0,0,75.0,30.0,8.0,0,0,23,6,0.5,34.5,30.491459444546827,4.008540555453173
14,4,3.0,5,0,1,0,0,0,15.0,0.0,3.0,0,0,6,0,0.2857142857142857,4.62,3.1818800168735715,1.4381199831264286
7,1,12.0,8,0,1,1,0,0,48.0,0.0,4.0,12,0,10,0,0.14285714285714285,71.4,68.78053447846082,2.6194655215391833
2,1,8.0,6,0,1,1,0,0,36.0,0.0,4.0,12,0,8,0,0.5,30.8,29.295040326888056,1.5049596731119443
4,3,4.0,7,2,1,1,0,0,28.0,8.0,4.0,12,0,11,2,0.75,25.53,24.93548757609171,0.5945124239082915
4,2,4.0,10,2,1,0,0,0,40.0,8.0,4.0,0,0,13,2,0.5,11.46,13.396137403727769,-1.936137403727768
10,5,0.0,7,0,0,0,0,0,0.0,0.0,0.0,0,0,7,0,0.5,3.48,1.8478572116114544,1.6321427883885455
4,6,10.0,5,1,1,1,0,0,30.0,8.0,4.0,12,0,8,1,1.5,43.125,50.92419467503641,-7.799194675036411
14,4,10.0,5,1,2,1,0,0,30.0,8.0,8.0,12,0,9,1,0.2857142857142857,41.5,61.28607837297351,-19.786078372973513
4,4,9.0,4,3,0,0,0,0,24.0,24.0,0.0,0,0,7,3,1.0,22.6125,23.37402662004728,-0.761526620047281
4,4,2.0,6,4,1,1,1,4,12.0,8.0,2.0,12,4,13,5,1.0,43.8,57.20361353021503,-13.403613530215033
5,5,5.0,12,3,1,1,0,0,60.0,15.0,4.0,12,0,17,3,1.0,22.875000000000004,31.635581671362583,-8.76058167136258
5,4,4.0,8,1,1,0,0,0,32.0,4.0,4.0,0,0,10,1,0.8,23.010000000000005,9.751075321918822,13.258924678081183
3,3,6.0,13,5,2,1,0,0,78.0,30.0,8.0,12,0,21,5,1.0,46.125,60.269556375199244,-14.144556375199244
10,7,24.0,6,0,1,0,0,0,36.0,0.0,4.0,0,0,7,0,0.7,30.6,47.81680158326737,-17.21680158326737
12,4,2.0,8,0,0,0,0,0,16.0,0.0,0.0,0,0,8,0,0.3333333333333333,2.8800000000000003,1.681567558020076,1.1984324419799244
28,11,17.0,16,11,4,1,0,0,96.0,88.0,16.0,12,0,32,11,0.39285714285714285,153.2325,157.72786478700272,-4.495364787002728
1,2,8.0,4,0,0,1,0,0,24.0,0.0,0.0,12,0,5,0,2.0,28.0,23.85785080825956,4.14214919174044
7,12,15.0,25,6,3,1,1,4,150.0,48.0,12.0,12,4,36,7,1.7142857142857142,153.2325,170.89665892277137,-17.664158922771378
6,5,4.0,9,2,0,0,0,0,36.0,8.0,0.0,0,0,11,2,0.8333333333333334,15.0,8.720199461590063,6.279800538409937
7,5,0.0,6,0,0,0,0,0,0.0,0.0,0.0,0,0,6,0,0.7142857142857143,1.08,1.6214482371335333,-0.5414482371335332
9,6,10.0,4,3,1,0,0,0,24.0,24.0,4.0,0,0,8,3,0.6666666666666666,16.750000000000004,31.449124637957585,-14.699124637957581
2,14,3.0,3,0,0,0,0,0,9.0,0.0,0.0,0,0,3,0,7.0,4.74,1.7972130392182706,2.9427869607817296
4,3,5.0,5,2,2,0,0,0,25.0,10.0,8.0,0,0,9,2,0.75,11.75,17.161605912712403,-5.411605912712403
5,4,4.0,6,2,1,1,0,0,24.0,8.0,4.0,12,0,10,2,0.8,17.7,24.6358821215125,-6.935882121512499
14,10,5.0,10,2,3,0,0,0,50.0,10.0,12.0,0,0,15,2,0.7142857142857143,16.25,18.0200808026225,-1.7700808026224983
15,28,10.0,30,9,5,0,0,0,180.0,72.0,20.0,0,0,44,9,1.8666666666666667,153.2325,105.40470718158109,47.8277928184189
4,1,8.0,5,2,1,0,0,0,30.0,16.0,4.0,0,0,8,2,0.25,28.9,22.076763761952144,6.823236238047855
6,5,0.0,3,0,0,0,0,0,0.0,0.0,0.0,0,0,3,0,0.8333333333333334,0.7200000000000001,0.9234762819476321,-0.203476281947632
10,7,21.0,12,8,3,1,0,0,72.0,64.0,12.0,12,0,24,8,0.7,153.2325,169.56449411396397,-16.331994113963987
4,6,2.0,6,2,1,1,0,0,12.0,4.0,2.0,12,0,10,2,1.5,17.94,20.5838198747902,-2.6438198747902
11,6,21.0,12,6,4,1,1,4,72.0,48.0,16.0,12,4,24,7,0.5454545454545454,153.2325,168.22504159333147,-14.992541593331481
6,4,18.0,8,2,1,0,0,0,48.0,16.0,4.0,0,0,11,2,0.6666666666666666,41.7375,66.65657720074178,-24.919077200741782
9,9,4.0,4,1,0,0,0,0,16.0,4.0,0.0,0,0,5,1,1.0,2.19,4.416614037136683,-2.226614037136683
9,7,4.0,11,3,2,0,0,0,44.0,12.0,8.0,0,0,16,3,0.7777777777777778,11.1,21.790732288994995,-10.690732288994996
2,4,6.0,4,0,0,0,0,0,24.0,0.0,0.0,0,0,4,0,2.0,2.7,2.562977187061076,0.13702281293892415
9,8,1.0,6,0,0,0,0,0,6.0,0.0,0.0,0,0,6,0,0.8888888888888888,0.9600000000000002,1.6214482371335333,-0.6614482371335331
6,4,5.0,5,2,1,1,0,0,25.0,10.0,4.0,12,0,9,2,0.6666666666666666,18.0625,24.6358821215125,-6.573382121512498
4,5,5.0,5,2,1,0,0,0,25.0,10.0,4.0,0,0,8,2,1.25,22.1875,11.36590148614278,10.82159851385722
8,4,4.0,12,3,1,1,1,4,48.0,12.0,4.0,12,4,18,4,0.5,50.94,55.07210854287435,-4.132108542874356
13,5,0.0,3,0,0,0,0,0,0.0,0.0,0.0,0,0,3,0,0.38461538461538464,1.2000000000000002,0.5746689370262243,0.6253310629737758
5,3,6.0,7,1,0,0,0,0,42.0,6.0,0.0,0,0,8,1,0.6,7.875,7.32364594309697,0.5513540569030297
2,1,8.0,2,1,0,0,0,0,12.0,8.0,0.0,0,0,3,1,0.5,5.1,6.044723840722139,-0.9447238407221397
6,3,0.0,0,0,0,0,0,0,0.0,0.0,0.0,0,0,0,0,0.5,0.7200000000000001,0.9282679840883763,-0.2082679840883762
7,5,0.0,6,1,1,0,0,0,0.0,0.0,0.0,0,0,8,1,0.7142857142857143,5.82,6.127221028565878,-0.30722102856587785
3,3,7.0,5,0,0,0,0,0,30.0,0.0,0.0,0,0,5,0,1.0,4.2875,3.5845016356782846,0.702998364321715
7,7,0.0,8,0,0,0,0,0,0.0,0.0,0.0,0,0,8,0,1.0,0.0,2.17575785893938,-2.17575785893938
4,2,10.0,5,1,1,0,0,0,30.0,8.0,4.0,0,0,7,1,0.5,12.625,18.552612001223682,-5.927612001223682
3,2,12.0,3,1,1,1,0,0,18.0,8.0,4.0,12,0,6,1,0.6666666666666666,39.6,63.736853287184886,-24.136853287184884
37,8,5.0,7,3,3,0,0,0,35.0,15.0,12.0,0,0,13,3,0.21621621621621623,0.0,18.19981046334869,-18.19981046334869
2,3,9.0,8,2,4,1,1,4,48.0,16.0,16.0,12,4,16,3,1.5,150.1875,114.44538999494029,35.742110005059715
4,8,2.0,6,1,1,0,0,0,12.0,2.0,2.0,0,0,8,1,2.0,5.64,6.17325931832791,-0.53325931832791
6,3,10.0,8,1,1,1,0,0,48.0,8.0,4.0,12,0,11,1,0.5,66.75,56.228546347254984,10.521453652745016
9,4,10.0,4,1,1,0,0,0,24.0,8.0,4.0,0,0,6,1,0.4444444444444444,20.125,18.042117439172408,2.082882560827592
3,3,12.0,17,4,2,1,1,4,102.0,32.0,8.0,12,4,25,5,1.0,153.2325,148.6765247736748,4.555975226325188
2,2,6.0,4,1,1,1,0,0,24.0,6.0,4.0,12,0,7,1,1.0,21.075,25.269734677561846,-4.194734677561847
5,3,0.0,5,0,0,0,0,0,0.0,0.0,0.0,0,0,5,0,0.6,1.74,1.5518263887725345,0.18817361122746545
6,3,2.0,6,0,0,0,0,0,12.0,0.0,0.0,0,0,6,0,0.5,2.16,1.6262399392742772,0.5337600607257229
21,9,8.0,8,0,0,0,0,0,48.0,0.0,0.0,0,0,8,0,0.42857142857142855,6.2,3.7774638653790924,2.4225361346209078
1,2,7.0,3,1,0,0,0,0,18.0,7.0,0.0,0,0,4,1,2.0,5.8187500000000005,6.281289289635934,-0.4625392896359335
7,5,12.0,6,0,0,0,0,0,36.0,0.0,0.0,0,0,6,0,0.7142857142857143,7.425,7.569168296440001,-0.14416829644000106
7,3,14.0,10,3,1,1,0,0,60.0,24.0,4.0,12,0,15,3,0.42857142857142855,105.2625,99.93832580481075,5.324174195189258
4,6,3.0,4,1,0,0,0,0,12.0,3.0,0.0,0,0,5,1,1.5,2.07,4.451374259216652,-2.3813742592166522
6,5,21.0,8,4,1,1,0,0,48.0,32.0,4.0,12,0,14,4,0.8333333333333334,153.2325,139.61599347228633,13.616506527713653
5,3,6.0,7,1,1,1,0,0,42.0,6.0,4.0,12,0,10,1,0.6,27.0,26.635868258285942,0.3641317417140577
5,4,5.0,6,2,1,0,0,0,30.0,10.0,4.0,0,0,9,2,0.8,5.625,11.785662731445155,-6.160662731445155
5,4,0.0,4,0,0,0,0,0,0.0,0.0,0.0,0,0,4,0,0.8,1.2000000000000002,1.4347580074508943,-0.23475800745089415
4,3,5.0,4,2,1,1,0,0,20.0,10.0,4.0,12,0,8,2,0.75,31.156250000000004,24.20928135412654,6.946968645873465
4,3,0.0,5,2,0,0,0,0,0.0,0.0,0.0,0,0,7,2,0.75,5.760000000000001,4.456292771597567,1.303707228402434
5,3,2.0,7,3,2,1,0,0,14.0,6.0,4.0,12,0,13,3,0.6,42.54,34.80995128418953,7.730048715810469
22,6,7.0,6,0,0,1,0,0,36.0,0.0,0.0,12,0,7,0,0.2727272727272727,26.775,24.50054987620496,2.274450123795038
6,4,15.0,12,2,0,1,0,0,72.0,16.0,0.0,12,0,15,2,0.6666666666666666,94.125,97.0998217510151,-2.9748217510150994
3,2,24.0,8,1,0,0,0,0,48.0,8.0,0.0,0,0,9,1,0.6666666666666666,42.3,73.10197151875396,-30.80197151875396
13,12,0.0,8,0,0,0,0,0,0.0,0.0,0.0,0,0,8,0,0.9230769230769231,0.18,1.8269505140179727,-1.6469505140179728
7,15,24.0,7,3,1,1,0,0,42.0,24.0,4.0,12,0,12,3,2.142857142857143,153.2325,140.4477414309066,12.784758569093384
15,6,0.0,12,6,2,0,0,0,0.0,0.0,0.0,0,0,20,6,0.4,57.84,19.02778996589124,38.81221003410876
5,3,17.0,7,3,1,1,0,0,42.0,24.0,4.0,12,0,12,3,0.6,129.4125,104.1410483690209,25.2714516309791
5,2,0.0,3,0,0,0,0,0,0.0,0.0,0.0,0,0,3,0,0.4,0.7200000000000001,0.9282679840883763,-0.2082679840883762
8,4,1.0,12,2,1,0,0,0,12.0,2.0,1.0,0,0,15,2,0.5,2.4000000000000004,9.273098707106609,-6.8730987071066085
3,7,18.0,2,0,1,0,0,0,12.0,0.0,4.0,0,0,3,0,2.3333333333333335,27.0,26.393083805034486,0.606916194965514
3,1,9.0,3,1,0,1,0,0,18.0,8.0,0.0,12,0,5,1,0.3333333333333333,27.1125,30.99180194773516,-3.879301947735158
15,9,5.0,8,1,1,1,0,0,40.0,5.0,4.0,12,0,11,1,0.6,22.25,22.86351876109936,-0.6135187610993604
5,2,0.0,4,0,1,0,0,0,0.0,0.0,0.0,0,0,5,0,0.4,8.040000000000001,3.3455027645808877,4.694497235419114
2,4,12.0,4,1,0,0,0,0,24.0,8.0,0.0,0,0,5,1,2.0,6.6,11.144316706025762,-4.5443167060257625
22,11,0.0,6,0,0,0,0,0,0.0,0.0,0.0,0,0,6,0,0.5,0.42,1.2726408922121264,-0.8526408922121265
3,3,4.0,6,0,0,0,0,0,24.0,0.0,0.0,0,0,6,0,1.0,5.760000000000001,1.9111559823123796,3.848844017687621
14,16,20.0,22,15,0,1,0,0,132.0,120.0,0.0,12,0,38,15,1.1428571428571428,153.2325,173.31580253562265,-20.083302535622664
7,4,4.0,12,2,1,1,0,0,48.0,8.0,4.0,12,0,16,2,0.5714285714285714,29.700000000000003,28.728540356599655,0.9714596434003475
2,2,5.0,3,2,1,1,0,0,15.0,10.0,4.0,12,0,7,2,1.0,16.125000000000004,22.999468587333503,-6.874468587333499
2,1,8.0,2,1,1,0,0,0,12.0,8.0,4.0,0,0,4,1,0.5,10.8,11.149537150919219,-0.3495371509192182
2,3,1.0,3,2,0,0,0,0,3.0,2.0,0.0,0,0,5,2,1.5,4.5,3.8481902741294705,0.6518097258705295
6,8,7.0,11,1,2,0,0,0,66.0,7.0,8.0,0,0,14,1,1.3333333333333333,12.20625,25.382714500513078,-13.176464500513077
8,3,18.0,8,4,1,0,1,4,48.0,32.0,4.0,0,4,14,5,0.375,153.2325,128.09424931774973,25.13825068225026
9,6,10.0,5,2,0,1,0,0,30.0,16.0,0.0,12,0,8,2,0.6666666666666666,64.375,53.186372771475966,11.188627228524034
3,2,5.0,5,2,1,1,0,0,25.0,10.0,4.0,12,0,9,2,0.6666666666666666,17.0,24.6358821215125,-7.635882121512498
6,12,21.0,5,2,1,1,0,0,30.0,16.0,4.0,12,0,9,2,2.0,140.70000000000002,123.8464315778634,16.853568422136618
5,3,4.0,6,0,1,0,0,0,24.0,0.0,4.0,0,0,7,0,0.6,3.6,6.968267681093362,-3.368267681093362
4,3,4.0,5,3,1,1,0,0,20.0,12.0,4.0,12,0,10,3,0.75,21.06,26.00724272299612,-4.947242722996123
1,1,4.0,2,1,0,0,0,0,8.0,4.0,0.0,0,0,3,1,1.0,7.38,3.769598884093728,3.610401115906272
6,3,5.0,15,4,1,1,0,0,75.0,20.0,4.0,12,0,21,4,0.5,43.9375,33.949012895992375,9.988487104007625
22,8,0.0,12,7,3,1,0,0,0.0,0.0,0.0,12,0,23,7,0.36363636363636365,14.94,34.17425303493284,-19.23425303493284
1,4,4.0,2,1,0,0,0,0,8.0,4.0,0.0,0,0,3,1,4.0,2.8800000000000003,3.8144791728359415,-0.9344791728359412
11,5,4.0,4,0,0,0,0,0,16.0,0.0,0.0,0,0,4,0,0.45454545454545453,1.38,1.4939895503411584,-0.11398955034115854
5,2,2.0,2,2,1,0,0,0,4.0,4.0,2.0,0,0,5,2,0.4,4.83,5.026105204838146,-0.19610520483814575
12,5,8.0,7,5,3,1,0,0,42.0,40.0,12.0,12,0,16,5,0.4166666666666667,70.3,82.69632012937724,-12.396320129377244
10,7,0.0,11,0,0,0,0,0,0.0,0.0,0.0,0,0,11,0,0.7,1.5600000000000005,3.0788297008296226,-1.518829700829622
4,2,11.0,6,2,1,1,0,0,36.0,16.0,4.0,12,0,10,2,0.5,75.075,63.71994683819938,11.355053161800626
6,7,0.0,8,0,0,0,0,0,0.0,0.0,0.0,0,0,8,0,1.1666666666666667,0.0,2.17575785893938,-2.17575785893938
5,3,5.0,8,4,1,1,0,0,40.0,20.0,4.0,12,0,14,4,0.6,28.25,32.02107388379353,-3.7710738837935267
3,4,10.0,8,2,1,1,0,0,48.0,16.0,4.0,12,0,12,2,1.3333333333333333,65.56250000000001,62.09434379268293,3.4681562073170866
11,4,0.0,6,0,0,0,0,0,0.0,0.0,0.0,0,0,6,0,0.36363636363636365,3.5700000000000003,1.6512517879125754,1.9187482120874249
5,7,3.0,5,2,1,1,0,0,15.0,6.0,3.0,12,0,9,2,1.4,19.62,21.17146599579677,-1.551465995796768
5,4,6.0,3,2,0,0,0,0,18.0,12.0,0.0,0,0,5,2,0.8,7.65,7.204241484521422,0.4457585154785786
10,10,0.0,12,3,3,1,0,0,0.0,0.0,0.0,12,0,19,3,1.0,28.17,35.54413055552144,-7.37413055552144
8,3,8.0,5,2,1,1,0,0,30.0,16.0,4.0,12,0,9,2,0.375,27.95,40.06447925629201,-12.114479256292011
6,3,0.0,3,2,0,0,0,0,0.0,0.0,0.0,0,0,5,2,0.5,4.62,3.802151984367438,0.817848015632562
6,6,12.0,8,0,2,0,0,0,48.0,0.0,8.0,0,0,10,0,1.0,30.3,37.597371828883354,-7.297371828883353
7,5,4.0,5,6,2,1,0,0,20.0,24.0,8.0,12,0,14,6,0.7142857142857143,40.92,48.7094558120698,-7.7894558120697965
8,6,5.0,2,3,2,1,1,4,10.0,15.0,8.0,12,4,9,4,0.75,62.40625000000001,51.338966913269424,11.067283086730583
5,4,10.0,5,2,1,0,0,0,30.0,16.0,4.0,0,0,8,2,0.8,19.75,28.045721397091988,-8.295721397091988
4,4,10.0,6,0,1,1,0,0,36.0,0.0,4.0,12,0,8,0,1.0,46.75,46.8968688687399,-0.1468688687399009
1,1,4.0,3,1,0,0,0,0,12.0,4.0,0.0,0,0,4,1,1.0,1.8000000000000005,3.769598884093728,-1.9695988840937273
7,5,6.0,16,5,4,1,0,0,96.0,30.0,16.0,12,0,26,5,0.7142857142857143,82.3875,73.36060302346304,9.02689697653696
1,1,6.0,3,1,1,1,0,0,18.0,6.0,4.0,12,0,6,1,1.0,26.25,24.004260131242354,2.2457398687576458
1,8,9.0,12,3,1,1,0,0,72.0,24.0,4.0,12,0,17,3,8.0,76.725,70.27699069197521,6.44800930802478
8,6,4.0,18,7,2,1,0,0,72.0,28.0,8.0,12,0,28,7,0.75,64.2,54.8446266505523,9.355373349447703
6,1,24.0,2,1,1,1,1,4,12.0,8.0,4.0,12,4,6,2,0.16666666666666666,153.2325,162.53425266212562,-9.301752662125637
2,2,5.0,5,2,1,0,0,0,25.0,10.0,4.0,0,0,8,2,1.0,6.71875,11.26920752441812,-4.550457524418119
6,5,15.0,6,2,1,1,0,0,36.0,16.0,4.0,12,0,10,2,0.8333333333333334,92.625,89.87294678019033,2.7520532198096674
7,3,2.0,8,3,1,1,0,0,16.0,6.0,2.0,12,0,13,3,0.42857142857142855,20.700000000000003,23.447197711903954,-2.747197711903951
