household_size,number_of_rooms,daily_supply_hours,light_bulb_count,fan_count,television_count,fridge_count,ac_count,average_ac_usage_hours,Actual_kWh,Predicted_kWh,Difference,Predicted_Category
14,5,1.0,5,0,0,0,0,0,3.93,-0.6484443480025441,4.578444348002544,Low Consumption
4,5,18.0,8,4,1,0,0,0,111.825,93.48234378890571,18.342656211094294,Very High Consumption
8,6,6.0,15,1,0,0,0,0,3.375,12.284047037933192,-8.909047037933192,Moderate Consumption
5,4,8.0,5,3,1,1,0,0,36.3,46.35779232778003,-10.057792327780035,High Consumption
14,6,1.0,6,0,0,0,0,0,2.5200000000000005,-0.6802568766132772,3.2002568766132775,Low Consumption
5,3,10.0,9,3,1,1,0,0,69.62500000000001,58.76977800040876,10.855221999591251,Very High Consumption
6,4,6.0,3,0,0,0,0,0,1.65,2.4106205448901723,-0.7606205448901724,Low Consumption
8,3,0.0,2,1,0,0,0,0,0.5700000000000001,1.4587469926709284,-0.8887469926709284,Low Consumption
6,5,8.0,12,5,2,1,0,0,95.35,84.19968266352419,11.150317336475808,Very High Consumption
12,4,3.0,6,1,1,0,0,0,4.859999999999999,4.415214243363675,0.4447857566363247,Low Consumption
7,5,0.0,5,0,0,1,0,0,11.670000000000002,17.471618200009985,-5.801618200009983,Moderate Consumption
7,4,8.0,5,0,0,0,0,0,4.4,4.632083821422792,-0.23208382142279138,Low Consumption
2,3,10.0,8,0,1,1,1,4,93.75,94.95601697899006,-1.206016978990064,Very High Consumption
6,4,6.0,3,0,1,0,0,0,3.0,6.472275853655694,-3.4722758536556944,Moderate Consumption
6,2,14.0,3,3,1,1,0,0,64.75,83.18556042218478,-18.43556042218478,Very High Consumption
1,2,6.0,4,2,1,0,0,0,5.7,13.914064087502432,-8.214064087502432,Moderate Consumption
2,1,1.0,3,1,1,0,0,0,1.2000000000000002,5.201218001341164,-4.001218001341164,Moderate Consumption
13,6,8.0,9,6,2,0,0,0,43.89999999999999,57.5568962896675,-13.656896289667507,Very High Consumption
4,4,3.0,16,4,2,1,0,0,39.60000000000001,40.75868434944414,-1.1586843494441297,High Consumption
6,5,24.0,12,3,2,1,1,4,317.1,367.1276754334014,-50.027675433401384,Very High Consumption
10,6,9.0,8,4,0,0,0,0,39.993750000000006,28.00092133193574,11.992828668064266,High Consumption
6,6,11.0,8,1,1,0,0,0,32.45,24.954956247215883,7.49504375278412,High Consumption
4,8,8.0,3,0,0,0,0,0,1.5,3.2532436104190863,-1.7532436104190863,Low Consumption
3,3,1.0,3,0,0,0,0,0,5.16,-0.002796225539422433,5.162796225539423,Low Consumption
5,2,0.0,3,2,1,1,0,0,23.160000000000004,21.73896352226396,1.4210364777360454,High Consumption
2,2,0.0,8,1,0,1,0,0,22.02,21.026121376607342,0.9938786233926571,High Consumption
4,1,7.0,2,0,0,0,0,0,1.05,3.7827482135433836,-2.732748213543384,Low Consumption
6,3,6.0,3,0,0,0,0,0,1.4625,2.4106205448901723,-0.9481205448901724,Low Consumption
8,3,4.0,8,0,1,0,0,0,9.6,5.149777945543153,4.450222054456846,Moderate Consumption
9,6,10.0,4,2,1,1,0,0,72.00000000000001,54.527427958013654,17.47257204198636,Very High Consumption
8,3,8.0,15,4,1,1,0,0,58.6,62.30383224380145,-3.7038322438014504,Very High Consumption
5,5,24.0,8,4,2,1,1,4,355.5,393.5759743390403,-38.07597433904027,Very High Consumption
7,3,7.0,3,1,1,0,0,0,7.262500000000001,9.909797180537558,-2.6472971805375565,Moderate Consumption
4,6,6.0,4,1,0,0,0,0,4.65,4.333379580670089,0.3166204193299116,Low Consumption
22,11,14.0,16,0,1,1,0,0,77.2625,68.68457847985619,8.577921520143818,Very High Consumption
6,3,5.0,4,2,1,1,0,0,15.250000000000002,24.322577113832153,-9.072577113832152,High Consumption
14,8,1.0,10,0,0,0,0,0,0.7200000000000001,2.0934406799358385,-1.3734406799358383,Low Consumption
7,10,6.0,10,2,1,1,0,0,23.8125,37.089113351428146,-13.276613351428146,High Consumption
8,4,9.0,3,0,0,0,0,0,2.925,3.7418143934866923,-0.8168143934866925,Low Consumption
2,2,5.0,11,2,0,1,0,0,24.1875,26.779692457337564,-2.592192457337564,High Consumption
4,3,12.0,10,4,2,1,0,0,146.4,117.40512892055605,28.994871079443953,Very High Consumption
2,6,7.0,6,1,1,1,0,0,47.6875,35.571200534783834,12.116299465216166,High Consumption
5,5,10.0,10,2,1,0,0,0,53.375,33.57937851980149,19.795621480198513,High Consumption
3,3,9.0,6,3,2,1,1,4,104.85,103.09841372125346,1.7515862787465295,Very High Consumption
6,2,8.0,3,1,1,1,0,0,22.0,33.8868313722169,-11.886831372216903,High Consumption
2,2,6.0,5,2,1,0,0,0,10.6125,14.058773095105547,-3.4462730951055462,Moderate Consumption
2,3,9.0,4,1,1,0,0,0,37.125,14.455437816641878,22.669562183358124,Moderate Consumption
8,8,12.0,4,2,1,0,0,0,42.15,33.36834249842782,8.781657501572177,High Consumption
4,10,19.0,8,1,1,1,0,0,118.5125,118.17222433992511,0.3402756600748944,Very High Consumption
2,2,6.0,5,2,1,1,0,0,24.4875,30.46216335796957,-5.974663357969568,High Consumption
2,5,8.0,6,1,1,1,0,0,37.05,38.04550316581775,-0.9955031658177518,High Consumption
2,4,19.0,5,2,1,0,0,0,67.56875000000001,55.57066406302463,11.998085936975379,Very High Consumption
7,6,4.0,12,1,1,1,1,4,51.39,68.0757201825515,-16.685720182551506,Very High Consumption
12,6,0.0,6,0,0,0,0,0,3.12,-0.6802568766132772,3.800256876613277,Low Consumption
15,3,0.0,4,0,1,0,0,0,6.15,2.923710583973191,3.2262894160268094,Low Consumption
5,3,1.0,10,3,1,1,0,0,19.680000000000003,29.590614401304183,-9.91061440130418,High Consumption
3,5,10.0,28,4,2,1,1,4,174.5,172.02245933911325,2.4775406608867456,Very High Consumption
2,2,5.0,3,1,1,1,0,0,20.25,19.271738743434984,0.9782612565650162,High Consumption
7,7,3.0,9,0,1,0,0,0,9.87,5.360600220169488,4.509399779830511,Moderate Consumption
4,2,0.0,4,1,0,0,0,0,4.86,1.7078893822695713,3.152110617730429,Low Consumption
9,2,5.0,5,2,1,1,0,0,33.6875,24.692397763619145,8.995102236380855,High Consumption
5,15,19.0,7,5,2,1,0,0,183.94375,175.36684902409962,8.576900975900372,Very High Consumption
2,2,11.0,8,3,1,1,1,4,116.1875,132.96883546488422,-16.781335464884222,Very High Consumption
10,5,15.0,5,1,0,0,0,0,10.3125,18.091625411076418,-7.779125411076418,Moderate Consumption
6,4,0.0,4,2,1,0,0,0,9.840000000000002,10.605180321906726,-0.7651803219067244,Moderate Consumption
8,8,2.0,15,0,2,0,0,0,15.9,17.807717881507987,-1.9077178815079865,Moderate Consumption
1,4,4.0,7,1,1,0,0,0,5.460000000000001,5.3771193495649,0.08288065043510073,Moderate Consumption
9,5,2.0,8,0,0,0,0,0,2.37,1.3909255920704757,0.9790744079295244,Low Consumption
5,5,8.0,5,2,0,0,0,0,16.799999999999997,16.437318317840738,0.3626816821592591,Moderate Consumption
3,1,5.0,3,1,1,1,0,0,14.562500000000002,19.271738743434984,-4.709238743434982,High Consumption
5,2,24.0,6,2,1,1,0,0,106.2,147.24583844425072,-41.04583844425072,Very High Consumption
5,3,7.0,6,0,0,0,0,0,4.9,4.4443296577611555,0.45567034223884484,Low Consumption
5,6,5.0,1,0,1,0,0,0,5.09375,3.922285340844805,1.1714646591551952,Low Consumption
5,3,4.0,12,4,1,1,0,0,42.0,32.47370183393602,9.526298166063981,High Consumption
9,4,4.0,7,0,1,0,0,0,5.4,3.835822348490428,1.5641776515095724,Low Consumption
4,5,24.0,14,4,2,1,1,4,354.0,406.9567567719418,-52.9567567719418,Very High Consumption
5,5,0.0,3,0,0,0,0,0,0.0,-0.06745243141846577,0.06745243141846577,Low Consumption
3,6,3.0,5,1,1,1,0,0,18.36,22.430994336641483,-4.070994336641483,High Consumption
3,2,5.0,4,0,0,0,0,0,1.8125,0.022019107444826207,1.7904808925551738,Low Consumption
7,5,11.0,10,3,1,1,0,0,54.0375,73.90499529849693,-19.867495298496927,Very High Consumption
15,4,21.0,4,0,1,0,0,0,38.98125,34.04802304354846,4.933226956451541,High Consumption
16,4,4.0,6,0,0,1,0,0,18.0,15.402157744348363,2.5978422556516367,Moderate Consumption
8,7,14.0,11,3,1,0,0,0,68.3375,70.797478762371,-2.4599787623709943,Very High Consumption
2,3,24.0,5,0,1,0,1,4,159.6,186.58928179056912,-26.989281790569123,Very High Consumption
6,3,6.0,10,3,1,0,0,0,12.525,22.778461347599777,-10.253461347599776,High Consumption
3,8,15.0,12,2,1,1,0,0,105.375,103.3480510851682,2.026948914831806,Very High Consumption
2,3,5.0,3,2,1,1,0,0,21.8125,22.4310978855334,-0.6185978855334007,High Consumption
6,3,6.0,5,2,2,1,0,0,41.8125,40.25807272758532,1.554427272414678,High Consumption
2,5,6.0,3,1,0,0,0,0,7.949999999999999,3.9396043340410523,4.0103956659589475,Low Consumption
4,4,10.0,12,2,1,1,1,4,131.0625,115.65247347012183,15.410026529878166,Very High Consumption
4,2,8.0,12,3,2,1,0,0,45.5,69.90903430394714,-24.409034303947138,Very High Consumption
15,3,0.0,6,3,1,1,0,0,17.61,25.393101874424442,-7.7831018744244425,High Consumption
3,2,3.0,6,2,1,0,0,0,5.220000000000001,10.329358012658316,-5.109358012658316,Moderate Consumption
10,6,0.0,22,1,1,0,0,0,7.110000000000001,20.582522143814973,-13.472522143814972,High Consumption
8,3,12.0,6,0,0,0,0,0,11.4,14.794923724256316,-3.3949237242563157,Moderate Consumption
3,2,0.0,3,1,0,0,0,0,2.16,1.4589496348143496,0.7010503651856506,Low Consumption
24,8,7.0,4,0,0,0,0,0,1.75,2.4795104523691514,-0.7295104523691514,Low Consumption
10,6,7.0,9,6,2,1,0,0,82.86250000000001,68.77069687115011,14.091803128849904,Very High Consumption
10,1,12.0,5,0,1,1,0,0,58.05,62.2120631575621,-4.162063157562102,Very High Consumption
4,3,10.0,4,2,1,1,0,0,34.25,52.692964235374696,-18.442964235374696,Very High Consumption
4,2,9.0,5,3,1,1,0,0,60.3,51.94611878403703,8.353881215962964,Very High Consumption
18,8,0.0,15,3,3,1,0,0,31.32,40.771945569434514,-9.451945569434514,High Consumption
4,4,6.0,4,0,0,0,0,0,1.65,2.4354358778744216,-0.7854358778744217,Low Consumption
4,5,6.0,18,0,1,1,0,0,38.475,32.908642864162836,5.5663571358371655,High Consumption
12,10,23.0,3,2,1,0,0,0,46.575,84.83527875375314,-38.26027875375314,Very High Consumption
6,8,12.0,6,2,1,1,0,0,67.65,74.94318908561984,-7.293189085619829,Very High Consumption
5,2,6.0,5,2,1,1,0,0,26.625,30.46216335796957,-3.837163357969569,High Consumption
3,1,5.0,3,0,0,0,0,0,0.75,-0.002796225539422433,0.7527962255394224,Low Consumption
11,1,12.0,4,4,2,1,0,0,88.2,109.50716187975146,-21.30716187975146,Very High Consumption
10,4,6.0,5,4,1,0,0,0,11.55,19.911488277613365,-8.361488277613365,High Consumption
7,5,12.0,12,1,1,1,0,0,58.2,77.63486563393734,-19.434865633937335,Very High Consumption
4,6,21.0,6,2,1,1,1,4,225.75,282.22545725127947,-56.475457251279465,Very High Consumption
3,10,1.0,5,2,1,1,0,0,16.35,24.36842558247423,-8.01842558247423,High Consumption
6,6,4.0,5,3,0,0,0,0,14.28,9.881516526835929,4.39848347316407,Moderate Consumption
6,4,0.0,6,3,0,0,0,0,12.96,9.750929815375361,3.2090701846246397,Moderate Consumption
10,6,9.0,8,3,2,0,0,0,39.65625,44.325969717845815,-4.669719717845815,High Consumption
3,5,3.0,5,2,1,1,0,0,32.88,24.150657166186534,8.729342833813469,High Consumption
9,6,14.0,9,1,1,1,0,0,76.3875,75.66420474634579,0.7232952536542143,Very High Consumption
16,8,6.0,6,3,0,0,0,0,11.25,11.646600476055488,-0.39660047605548776,Moderate Consumption
9,6,10.0,4,2,0,1,0,0,64.50000000000001,51.87965791424161,12.620342085758402,Very High Consumption
10,6,2.0,3,0,0,0,0,0,0.7200000000000001,0.015285097538324955,0.7047149024616751,Low Consumption
4,3,7.0,6,2,1,0,0,0,18.375,16.99297147518011,1.3820285248198907,Moderate Consumption
2,3,24.0,3,1,1,1,0,0,118.8,139.21439177639618,-20.414391776396187,Very High Consumption
3,1,10.0,2,1,1,0,0,0,8.375000000000002,17.072719721800723,-8.697719721800722,Moderate Consumption
7,5,1.0,2,4,2,1,0,0,27.42,34.93725650842848,-7.517256508428481,High Consumption
2,1,8.0,2,1,0,1,0,0,19.75,29.80532732112788,-10.05532732112788,High Consumption
3,5,8.0,14,4,2,1,0,0,81.85,75.99965940336713,5.850340596632861,Very High Consumption
12,3,19.0,2,2,0,0,0,0,29.925,33.57691537286102,-3.6519153728610227,High Consumption
2,3,2.0,3,0,0,0,0,0,0.7200000000000001,-0.002796225539422433,0.7227962255394225,Low Consumption
6,8,10.0,4,2,1,1,0,0,61.5,54.46456117391482,7.0354388260851835,Very High Consumption
2,2,15.0,4,0,1,1,0,0,71.25,69.79140330881779,1.4585966911822084,Very High Consumption
31,6,8.0,8,6,1,0,0,0,54.3,39.912560433589604,14.387439566410393,High Consumption
6,3,12.0,12,3,1,1,0,0,98.925,94.79836233089351,4.126637669106486,Very High Consumption
6,4,15.0,8,3,1,1,0,0,102.65625,97.82396190882751,4.832288091172487,Very High Consumption
4,2,0.0,5,2,0,0,0,0,4.319999999999999,6.587089646131507,-2.2670896461315078,Moderate Consumption
5,3,5.0,6,3,1,1,0,0,19.78125,27.93578907358368,-8.154539073583681,High Consumption
10,7,10.0,4,2,0,1,0,0,56.75,51.87965791424161,4.870342085758388,Very High Consumption
12,11,14.0,13,6,4,1,1,4,203.35,260.7095036772135,-57.359503677213496,Very High Consumption
4,4,14.0,16,6,3,1,1,4,281.92500000000007,248.72242085815384,33.20257914184623,Very High Consumption
5,2,5.0,4,0,1,0,0,0,9.562500000000002,3.882781145545543,5.679718854454459,Low Consumption
4,6,18.0,4,3,1,0,0,0,35.550000000000004,78.21199814656646,-42.661998146566454,Very High Consumption
7,5,6.0,10,2,1,0,0,0,26.625,18.84937403627681,7.77562596372319,Moderate Consumption
11,3,4.0,3,0,0,0,0,0,0.42,-0.002796225539422433,0.4227962255394224,Low Consumption
4,2,3.0,3,1,1,1,0,0,17.22,19.409275488891424,-2.1892754888914254,High Consumption
4,3,5.0,12,4,2,1,0,0,35.9375,40.56508785581156,-4.627587855811562,High Consumption
11,3,3.0,4,0,0,0,0,0,0.81,0.24614352191579927,0.5638564780842008,Low Consumption
3,1,6.0,4,1,1,1,0,0,18.975,27.087955337765973,-8.112955337765971,High Consumption
7,3,5.0,9,3,2,1,0,0,52.78125,36.63034790688111,16.150902093118887,High Consumption
5,5,0.0,0,0,0,0,0,0,0.48,-0.02121422621270336,0.5012142262127034,Low Consumption
11,6,10.0,7,0,0,0,0,0,4.625,8.929091592749675,-4.304091592749675,Moderate Consumption
6,3,10.0,5,2,1,1,0,0,51.62500000000001,52.958877205635666,-1.333877205635659,Very High Consumption
13,3,7.0,4,0,0,0,0,0,0.0,3.578104579193669,-3.578104579193669,Low Consumption
2,1,4.0,5,1,1,1,0,0,19.44,21.63730587845404,-2.1973058784540385,High Consumption
12,10,0.0,10,0,0,0,0,0,0.0,1.9999188187703096,-1.9999188187703096,Low Consumption
6,3,11.0,5,1,0,0,0,0,3.1625,14.726719106008606,-11.564219106008606,Moderate Consumption
5,5,5.0,15,5,2,1,0,0,42.75,47.39540875623715,-4.645408756237153,High Consumption
6,3,5.0,10,1,1,0,0,0,7.312500000000001,9.316342161768752,-2.003842161768751,Moderate Consumption
6,4,4.0,6,2,0,1,0,0,23.4,21.81414590908738,1.585854090912619,High Consumption
2,2,15.0,3,0,1,1,0,0,64.5,66.57833102859689,-2.0783310285968923,Very High Consumption
4,5,6.0,5,4,1,1,0,0,26.175,36.84543999962091,-10.670439999620907,High Consumption
6,3,24.0,5,3,1,1,0,0,214.8,183.9467406576873,30.853259342312725,Very High Consumption
7,4,12.0,8,3,2,1,0,0,96.225,103.44698024934591,-7.221980249345918,Very High Consumption
12,8,0.0,6,0,0,0,0,0,2.4600000000000004,-0.7431236607121142,3.2031236607121145,Low Consumption
4,2,8.0,5,1,1,1,0,0,32.7,37.59449284739485,-4.894492847394844,High Consumption
5,1,24.0,3,1,1,0,0,0,24.15,81.10287302507841,-56.95287302507841,Very High Consumption
7,4,6.0,6,6,2,1,0,0,59.55,57.114193215764914,2.4358067842350835,Very High Consumption
6,5,4.0,20,7,2,1,0,0,62.970000000000006,59.44047666496485,3.529523335035158,Very High Consumption
4,4,5.0,15,5,2,1,0,0,48.4375,46.94439843781425,1.4931015621857497,High Consumption
6,4,2.0,8,4,1,1,0,0,15.96,29.471174607065628,-13.511174607065627,High Consumption
6,4,4.0,9,4,1,1,0,0,31.92,29.728348728063853,2.1916512719361485,High Consumption
12,7,0.0,12,2,0,0,0,0,8.040000000000001,9.708458512539277,-1.6684585125392761,Moderate Consumption
4,3,10.0,6,0,1,1,0,0,38.75,42.07889935683873,-3.3288993568387326,High Consumption
6,6,7.0,6,2,1,0,0,0,10.325,16.93150165753716,-6.606501657537162,Moderate Consumption
20,5,8.0,3,0,0,0,0,0,3.05,1.7180343785363743,1.3319656214636255,Low Consumption
4,2,7.0,4,2,1,1,0,0,35.0875,36.12238528590206,-1.0348852859020639,High Consumption
7,1,0.0,1,1,1,0,0,0,0.0,5.247456206546927,-5.247456206546927,Moderate Consumption
8,4,2.0,5,2,1,0,0,0,8.34,10.329358012658316,-1.9893580126583164,Moderate Consumption
8,8,6.0,12,5,3,1,0,0,78.525,68.65728614931596,9.86771385068404,Very High Consumption
1,2,15.0,6,2,1,1,1,4,158.25,150.95131976698892,7.298680233011083,Very High Consumption
3,3,5.0,8,5,2,1,0,0,40.90625,42.531529571465505,-1.625279571465505,High Consumption
1,1,0.0,1,0,0,0,0,0,0.18,0.043441979666339975,0.13655802033366002,Low Consumption
3,3,20.0,3,1,0,0,0,0,22.5,32.73438007929249,-10.234380079292492,High Consumption
4,8,7.0,20,6,3,1,1,4,137.33125,137.77049038133853,-0.4392403813385215,Very High Consumption
9,6,10.0,4,2,0,1,0,0,56.31250000000001,51.87965791424161,4.432842085758395,Very High Consumption
4,7,3.0,5,1,0,0,0,0,2.5500000000000003,1.6107260034149053,0.9392739965850949,Low Consumption
2,2,11.0,8,2,1,1,0,0,68.2,62.609684642806016,5.590315357193987,Very High Consumption
7,3,10.0,7,3,1,1,0,0,53.50000000000001,56.82776488408005,-3.3277648840800396,Very High Consumption
6,7,0.0,11,0,0,0,0,0,0.3,3.0510724557449063,-2.7510724557449064,Low Consumption
8,4,11.0,6,2,1,1,0,0,47.85,59.00325511820363,-11.153255118203631,Very High Consumption
2,2,6.0,2,0,0,0,0,0,1.125,2.410417902746751,-1.285417902746751,Low Consumption
15,6,4.0,8,5,2,1,0,0,47.79,39.66138604191487,8.128613958085133,High Consumption
5,4,9.0,9,2,1,1,0,0,36.900000000000006,52.83292552144414,-15.932925521444133,Very High Consumption
6,3,6.0,6,3,2,0,0,0,17.475,28.502116711625117,-11.027116711625116,High Consumption
4,2,4.0,6,2,1,0,0,0,16.680000000000003,10.521414541761828,6.158585458238175,Moderate Consumption
1,2,8.0,3,1,1,1,0,0,24.5,33.63080095518656,-9.130800955186558,High Consumption
5,7,2.0,10,0,0,0,0,0,2.76,3.0510724557449063,-0.2910724557449065,Low Consumption
6,6,0.0,4,0,0,0,0,0,0.96,0.2642248449935467,0.6957751550064533,Low Consumption
12,8,0.0,6,0,0,0,0,0,2.8800000000000003,-0.7431236607121142,3.6231236607121144,Low Consumption
10,6,6.0,5,0,0,0,0,0,2.325,2.5255041766920727,-0.20050417669207254,Low Consumption
11,4,4.0,3,2,0,0,0,0,3.24,6.689262742884126,-3.449262742884126,Moderate Consumption
4,3,11.0,8,3,2,1,1,4,124.16249999999998,146.4675288964929,-22.305028896492914,Very High Consumption
7,6,5.0,6,5,2,1,0,0,39.0,40.90195345552995,-1.9019534555299487,High Consumption
3,2,6.0,4,1,1,0,0,0,26.4375,8.376953566357853,18.060546433642145,Moderate Consumption
10,3,11.0,4,0,0,0,0,0,2.95625,8.41146465033003,-5.4552146503300305,Moderate Consumption
9,6,4.0,5,0,0,0,0,0,1.47,0.10090792412795396,1.369092075872046,Low Consumption
14,4,24.0,10,2,1,0,0,0,110.4,114.30758613050533,-3.9075861305053223,Very High Consumption
1,2,0.0,2,1,0,0,0,0,3.69,1.4587469926709284,2.2312530073290713,Low Consumption
2,5,5.0,6,2,1,1,0,0,21.8125,25.22295922276274,-3.4104592227627393,High Consumption
4,3,0.0,8,3,1,1,0,0,35.88,28.281787764007376,7.5982122359926265,High Consumption
3,2,12.0,6,2,1,1,0,0,91.2,73.25114328780043,17.94885671219957,Very High Consumption
12,6,6.0,0,0,0,0,0,0,1.65,1.7843101368173044,-0.13431013681730453,Low Consumption
8,4,2.0,6,0,0,0,0,0,1.1700000000000002,0.13089881998338546,1.0391011800166148,Low Consumption
10,4,21.0,8,4,1,1,0,0,191.3625,156.78639881580096,34.57610118419905,Very High Consumption
15,8,0.0,10,2,0,1,0,0,16.14,23.36811527018271,-7.228115270182709,High Consumption
8,5,9.0,13,2,1,0,0,0,34.03125,31.261119950597514,2.7701300494024856,High Consumption
6,4,24.0,5,2,1,1,0,0,141.6,145.97271915840318,-4.372719158403186,Very High Consumption
6,6,10.0,5,3,1,1,1,4,111.75,121.85937447478605,-10.109374474786051,Very High Consumption
3,3,5.0,1,1,1,0,0,0,5.625,5.365949878120831,0.2590501218791692,Moderate Consumption
8,6,6.0,8,0,0,0,0,0,6.525,5.022968586557164,1.502031413442836,Moderate Consumption
5,6,0.0,3,1,0,0,0,0,4.68,1.4770309578920973,3.2029690421079025,Low Consumption
9,6,12.0,8,0,3,1,0,0,100.125,105.22531124484502,-5.100311244845017,Very High Consumption
5,4,1.0,5,0,0,0,0,0,5.640000000000001,0.13089881998338546,5.509101180016615,Low Consumption
14,8,4.0,14,1,0,0,0,0,3.96,5.766422167634256,-1.8064221676342562,Moderate Consumption
3,2,4.0,4,0,1,1,0,0,14.340000000000002,18.462562099480692,-4.122562099480691,Moderate Consumption
8,7,1.0,4,0,0,0,0,0,0.48,0.2642248449935467,0.21577515500645328,Low Consumption
5,6,0.0,5,0,0,0,0,0,0.0,0.14898014306113286,-0.14898014306113286,Low Consumption
8,6,5.0,4,0,1,0,0,0,3.4375,3.90086246862329,-0.46336246862329,Low Consumption
5,3,0.0,3,0,0,0,0,0,1.32,-0.002796225539422433,1.3227962255394226,Low Consumption
9,6,12.0,6,0,2,0,0,0,21.75,41.61111274376861,-19.861112743768608,High Consumption
3,5,13.0,6,2,1,1,0,0,77.67499999999998,74.52304260162596,3.151957398374023,Very High Consumption
4,5,0.0,5,2,1,0,0,0,0.18,10.264701806779275,-10.084701806779275,Moderate Consumption
7,13,4.0,13,4,3,0,0,0,25.47,31.56239827126167,-6.092398271261672,High Consumption
4,3,12.0,15,4,1,1,1,4,182.925,167.6294693101276,15.295530689872407,Very High Consumption
3,4,6.0,6,0,1,1,0,0,25.8,24.04119900656064,1.7588009934393618,High Consumption
5,3,9.0,6,3,1,1,0,0,59.962500000000006,51.94611878403703,8.016381215962973,Very High Consumption
1,2,18.0,4,1,1,1,0,0,89.10000000000001,111.0659643991246,-21.965964399124587,Very High Consumption
5,2,0.0,2,1,0,0,0,0,1.5300000000000002,1.4587469926709284,0.0712530073290718,Low Consumption
11,5,4.0,7,1,0,0,0,0,7.5,1.490643636438347,6.009356363561653,Low Consumption
6,3,4.0,5,3,1,1,0,0,18.24,26.975992405390294,-8.735992405390295,High Consumption
5,6,14.0,10,4,0,0,0,0,84.525,77.79780983616317,6.727190163836838,Very High Consumption
2,3,13.0,4,0,0,0,0,0,6.175,13.76623523516229,-7.59123523516229,Moderate Consumption
12,9,4.0,10,7,1,0,0,0,18.78,19.56421796992651,-0.7842179699265088,High Consumption
9,6,4.0,4,2,0,0,0,0,4.08,6.880993278457663,-2.800993278457663,Moderate Consumption
3,2,5.0,5,4,1,1,0,0,31.312500000000004,29.125175916641947,2.1873240833580567,High Consumption
2,6,11.0,8,2,0,0,0,0,19.86875,27.58383772486709,-7.715087724867093,High Consumption
9,7,10.0,4,2,0,1,0,0,46.00000000000001,51.87965791424161,-5.879657914241605,Very High Consumption
6,4,7.0,14,5,2,1,0,0,70.2625,70.01906247044306,0.24343752955694242,Very High Consumption
4,3,10.0,3,1,0,0,0,0,8.687500000000002,11.503389332561126,-2.815889332561124,Moderate Consumption
6,3,4.0,5,3,1,1,0,0,14.580000000000002,26.975992405390294,-12.395992405390292,High Consumption
7,4,12.0,6,1,0,1,0,0,47.025,61.989588615687076,-14.964588615687077,Very High Consumption
9,7,4.0,8,0,0,0,0,0,2.4600000000000004,1.4255909020940878,1.0344090979059126,Low Consumption
6,3,8.0,4,0,0,0,0,0,3.05,4.296004678317572,-1.246004678317572,Low Consumption
11,5,3.0,2,2,1,0,0,0,8.190000000000001,10.366672261388473,-2.1766722613884717,Moderate Consumption
13,12,5.0,13,0,1,0,0,0,8.687500000000002,8.638312816672899,0.0491871833271027,Moderate Consumption
15,5,6.0,3,1,1,0,0,0,7.5,6.870153580261765,0.629846419738235,Moderate Consumption
9,4,8.0,6,0,0,0,0,0,5.0,4.632083821422792,0.36791617857720826,Low Consumption
6,3,5.0,8,4,1,1,0,0,24.562500000000004,31.42081713111105,-6.858317131111047,High Consumption
5,10,10.0,4,1,0,0,0,0,12.125000000000002,12.867292550151147,-0.742292550151145,Moderate Consumption
6,5,14.0,15,8,4,1,0,0,198.275,216.31317187515873,-18.038171875158724,Very High Consumption
2,2,2.0,4,2,1,1,0,0,18.84,23.30417234591417,-4.464172345914172,High Consumption
14,9,5.0,15,8,2,1,0,0,55.06250000000001,49.96797945815612,5.094520541843885,Very High Consumption
7,3,3.0,4,2,1,0,0,0,5.58,10.605180321906726,-5.025180321906726,Moderate Consumption
9,5,0.0,2,0,0,0,0,0,0.0,-0.06765507356188691,0.06765507356188691,Low Consumption
6,4,5.0,8,2,0,0,0,0,15.75,9.130134197758315,6.619865802241685,Moderate Consumption
7,5,13.0,4,0,0,0,0,0,4.387499999999999,13.701579029283248,-9.31407902928325,Moderate Consumption
4,4,0.0,7,2,0,0,0,0,11.340000000000002,6.597817027044919,4.742182972955082,Moderate Consumption
5,4,6.0,9,2,0,0,0,0,21.825000000000003,13.04308857476041,8.781911425239592,Moderate Consumption
4,5,0.0,7,0,0,0,0,0,0.0,0.07696999501775312,-0.07696999501775312,Low Consumption
7,3,0.0,4,2,2,0,0,0,15.81,17.470790487856245,-1.6607904878562447,Moderate Consumption
1,1,12.0,4,2,1,1,0,0,69.9,72.38298396618077,-2.482983966180768,Very High Consumption
10,3,7.0,8,2,1,1,0,0,25.725,39.11560848080614,-13.390608480806137,High Consumption
4,3,2.0,6,1,1,0,0,0,4.319999999999999,5.3349130468639725,-1.014913046863973,Moderate Consumption
1,10,4.0,2,1,0,0,0,0,1.5300000000000002,1.3204396704843107,0.2095603295156896,Low Consumption
7,6,10.0,5,2,0,1,0,0,35.625,52.14557088450258,-16.520570884502582,Very High Consumption
7,3,11.0,10,2,1,1,0,0,60.15625,65.9948696034612,-5.838619603461197,Very High Consumption
4,4,18.0,6,4,1,1,0,0,134.4375,140.18540355436124,-5.747903554361244,Very High Consumption
2,7,9.0,10,1,0,0,0,0,13.1625,15.54628146248689,-2.3837814624868905,Moderate Consumption
5,3,0.0,6,1,0,0,0,0,1.2000000000000002,1.5926446803371577,-0.3926446803371575,Low Consumption
5,3,24.0,3,1,0,1,0,0,67.65,129.17453933130713,-61.524539331307125,Very High Consumption
3,2,6.0,4,0,1,0,0,0,11.25,6.497091186639942,4.752908813360058,Moderate Consumption
11,3,1.0,5,3,1,1,0,0,20.22,26.863487017007476,-6.643487017007477,High Consumption
10,5,8.0,8,3,1,0,0,0,34.0,27.56204825030103,6.437951749698971,High Consumption
3,3,12.0,6,2,1,1,1,4,136.05,132.351235485003,3.698764514997009,Very High Consumption
14,5,3.0,4,0,0,0,0,0,1.0200000000000002,-0.5331996460701304,1.5531996460701305,Low Consumption
12,8,14.0,3,3,0,1,0,0,89.77499999999999,80.51240522124273,9.262594778757261,Very High Consumption
3,2,0.0,2,1,0,0,0,0,2.28,1.4587469926709284,0.8212530073290714,Low Consumption
3,3,4.0,10,3,2,1,0,0,38.55,35.865277954897365,2.6847220451026317,High Consumption
22,6,8.0,7,0,0,0,0,0,3.65,4.098645052329552,-0.44864505232955176,Low Consumption
2,2,12.0,5,3,1,1,0,0,63.75,85.54989517653307,-21.79989517653307,Very High Consumption
6,6,10.0,6,1,1,0,0,0,32.0,19.214093509179964,12.785906490820036,High Consumption
8,7,7.0,12,4,2,1,0,0,49.0,60.94470834023556,-11.944708340235557,Very High Consumption
2,3,12.0,18,3,2,1,1,4,170.55,178.03162267891122,-7.481622678911208,Very High Consumption
7,5,11.0,8,3,0,0,0,0,29.493749999999995,41.0446690059876,-11.550919005987605,High Consumption
2,1,10.0,4,2,1,0,0,0,35.25,26.692242816975646,8.557757183024354,High Consumption
1,2,0.0,4,1,0,0,0,0,2.04,1.7078893822695713,0.3321106177304287,Low Consumption
3,2,5.0,3,1,1,1,0,0,15.187500000000002,19.271738743434984,-4.084238743434982,High Consumption
9,6,4.0,15,4,3,1,0,0,47.97,45.51886534651266,2.451134653487337,High Consumption
4,5,19.0,3,2,0,0,0,0,21.137500000000003,39.15731199481818,-18.019811994818177,High Consumption
2,2,1.0,3,2,0,1,0,0,17.7,19.484926778174543,-1.784926778174544,High Consumption
28,19,0.0,0,0,0,0,0,0,0.3,-1.885025080167688,2.185025080167688,Low Consumption
4,3,0.0,6,0,0,0,0,0,1.74,0.13089881998338546,1.6091011800166146,Low Consumption
6,5,24.0,6,3,1,1,0,0,159.6,184.83919070702552,-25.23919070702553,Very High Consumption
12,12,2.0,9,5,4,1,0,0,31.74,44.94988138420882,-13.209881384208824,High Consumption
5,4,6.0,15,4,2,1,0,0,76.23750000000001,53.98043485352812,22.257065146471888,Very High Consumption
6,5,3.0,13,6,1,1,0,0,42.36000000000001,38.369847566854226,3.9901524331457807,High Consumption
5,4,7.0,6,1,1,0,0,0,5.075,11.068581806653663,-5.993581806653663,Moderate Consumption
4,3,6.0,3,1,0,0,0,0,2.925,4.004260539920096,-1.0792605399200959,Low Consumption
4,3,0.0,4,0,0,0,0,0,2.4000000000000004,0.24614352191579927,2.153856478084201,Low Consumption
4,3,4.0,6,1,1,1,0,0,24.24,21.63730587845404,2.6026941215459587,High Consumption
7,5,5.0,16,3,0,0,0,0,14.500000000000002,17.50596433352726,-3.005964333527258,Moderate Consumption
2,8,6.0,7,0,0,0,0,0,0.675,3.725697346126303,-3.050697346126303,Low Consumption
6,4,5.0,4,1,1,0,0,0,4.40625,5.6307493905873125,-1.2244993905873125,Moderate Consumption
6,7,4.0,6,0,0,0,0,0,2.4600000000000004,0.10090792412795396,2.3590920758720464,Low Consumption
5,5,4.0,18,0,2,1,0,0,35.13,33.75472994571273,1.3752700542872702,High Consumption
6,5,0.0,7,0,0,0,0,0,0.0,0.07696999501775312,-0.07696999501775312,Low Consumption
23,10,1.0,12,0,0,0,0,0,0.8400000000000001,2.3149189480671075,-1.4749189480671074,Low Consumption
4,3,6.0,9,2,1,1,0,0,41.025,33.601751915423655,7.423248084576343,High Consumption
3,2,3.0,4,0,0,1,0,0,13.26,16.464555772421626,-3.2045557724216263,Moderate Consumption
6,4,11.0,6,3,1,0,0,0,45.375,42.147483664816846,3.2275163351831537,High Consumption
8,4,12.0,2,0,1,1,0,0,40.95,58.78920951057514,-17.839209510575138,Very High Consumption
3,4,4.0,5,2,1,1,0,0,24.0,23.89170337686715,0.10829662313285127,High Consumption
4,4,0.0,8,3,1,1,0,0,30.420000000000005,28.281787764007376,2.138212235992629,High Consumption
7,6,24.0,5,1,1,1,0,0,103.5,144.26810139797178,-40.768101397971776,Very High Consumption
2,3,15.0,6,4,1,1,1,4,197.4375,180.78339072270157,16.65410927729843,Very High Consumption
6,1,0.0,5,1,0,0,0,0,5.94,1.5926446803371577,4.347355319662842,Low Consumption
6,5,11.0,8,3,1,0,0,0,44.9625,45.03064534343502,-0.06814534343502032,High Consumption
1,2,12.0,2,1,0,1,0,0,43.2,56.820270017648426,-13.620270017648423,Very High Consumption
3,2,0.0,0,0,0,0,0,0,0.3,0.043441979666339975,0.25655802033366004,Low Consumption
7,4,4.0,3,3,1,0,0,0,7.2,13.595371278654797,-6.395371278654797,Moderate Consumption
3,2,0.0,3,0,0,0,0,0,1.26,-0.002796225539422433,1.2627962255394225,Low Consumption
7,3,2.0,7,2,0,0,0,0,2.4000000000000004,6.597817027044919,-4.197817027044919,Moderate Consumption
2,7,3.0,1,3,0,0,0,0,3.69,9.550879354162738,-5.860879354162739,Moderate Consumption
3,2,1.0,6,2,1,1,0,0,17.7,23.699646847763635,-5.9996468477636355,High Consumption
11,6,22.0,8,1,1,0,0,0,103.95,89.55338691636436,14.396613083635643,Very High Consumption
8,5,9.0,5,2,0,1,0,0,33.974999999999994,46.48122989293734,-12.506229892937348,High Consumption
16,4,3.0,4,0,0,0,0,0,4.86,-1.3242343963897463,6.184234396389747,Low Consumption
12,6,0.0,6,0,0,0,0,0,2.28,-0.6802568766132772,2.960256876613277,Low Consumption
7,3,5.0,2,1,1,0,0,0,8.875,5.3195090307716475,3.5554909692283525,Moderate Consumption
5,2,3.0,4,1,1,1,0,0,15.0,21.30580526453141,-6.305805264531411,High Consumption
2,1,5.0,3,0,0,0,0,0,0.9375,-0.002796225539422433,0.9402962255394224,Low Consumption
6,3,12.0,6,2,1,1,0,0,70.575,73.17159214707974,-2.5965921470797326,Very High Consumption
2,4,2.0,8,3,1,0,0,0,8.160000000000002,14.817881159868316,-6.657881159868314,Moderate Consumption
5,6,3.0,6,0,0,0,0,0,1.2600000000000002,0.14898014306113286,1.1110198569388674,Low Consumption
15,12,14.0,23,5,1,1,0,0,191.625,147.34020862020168,44.28479137979832,Very High Consumption
10,5,0.0,12,3,0,0,0,0,23.88,14.09000998265018,9.789990017349819,Moderate Consumption
5,2,9.0,3,0,0,0,0,0,4.7250000000000005,3.7418143934866923,0.9831856065133082,Low Consumption
6,7,12.0,8,3,1,1,0,0,78.3,91.12590979329072,-12.82590979329072,Very High Consumption
4,2,6.0,6,1,1,0,0,0,22.6875,8.521662573960969,14.165837426039031,Moderate Consumption
1,1,10.0,3,1,1,1,0,0,30.625,44.04543133134343,-13.42043133134343,High Consumption
3,2,0.0,3,0,0,0,0,0,1.14,-0.002796225539422433,1.1427962255394224,Low Consumption
8,7,12.0,6,2,1,1,0,0,88.19999999999999,75.00605586971868,13.19394413028131,Very High Consumption
11,5,10.0,10,5,1,1,1,4,138.875,140.3935712997838,-1.5185712997837868,Very High Consumption
1,3,7.0,5,0,0,0,0,0,10.5875,4.4443296577611555,6.143170342238845,Low Consumption
2,6,4.0,6,3,1,1,0,0,29.700000000000003,27.88071092608595,1.819289073914053,High Consumption
6,6,3.0,10,1,1,0,0,0,6.18,7.986503985204674,-1.8065039852046745,Moderate Consumption
4,8,2.0,8,3,2,1,0,0,17.22,35.12669538437314,-17.906695384373144,High Consumption
16,6,2.0,6,0,0,0,0,0,0.36,-1.5359478328119358,1.895947832811936,Low Consumption
3,3,8.0,5,0,1,1,0,0,25.95,33.592001394221995,-7.642001394221996,High Consumption
6,3,5.0,8,2,1,0,0,0,6.0,12.990896235859037,-6.9908962358590365,Moderate Consumption
3,3,0.0,4,1,0,0,0,0,1.98,1.7078893822695713,0.27211061773042866,Low Consumption
6,3,1.0,4,0,0,0,0,0,4.2,0.24614352191579927,3.9538564780842007,Low Consumption
6,4,11.0,1,2,1,0,0,0,43.8625,28.342346561642614,15.520153438357383,High Consumption
7,4,5.0,8,2,1,1,0,0,29.5,27.067590118808965,2.4324098811910346,High Consumption
19,8,3.0,15,0,4,1,1,4,63.120000000000005,74.59598351368692,-11.475983513686913,Very High Consumption
6,4,4.0,15,2,2,0,0,0,17.82,22.873383549582268,-5.053383549582268,High Consumption
14,7,8.0,4,2,1,1,0,0,29.6,42.68418929107704,-13.084189291077038,High Consumption
4,3,7.0,5,2,1,1,0,0,36.05,36.60407744262799,-0.5540774426279924,High Consumption
13,9,12.0,12,0,0,0,0,0,20.175,22.78263221159666,-2.607632211596659,High Consumption
4,4,4.0,3,0,0,0,0,0,0.81,-0.002796225539422433,0.8127962255394224,Low Consumption
6,3,6.0,4,3,1,1,0,0,33.6,34.111567100295176,-0.5115671002951743,High Consumption
3,4,6.0,7,1,1,1,0,0,23.55,29.102804493368385,-5.552804493368384,High Consumption
6,2,8.0,3,0,0,0,0,0,2.5,3.2980290714401783,-0.7980290714401783,Low Consumption
1,1,12.0,3,1,1,1,0,0,47.775,63.42904058171054,-15.65404058171054,Very High Consumption
5,5,3.0,4,0,0,0,0,0,0.9,0.18148731603675608,0.718512683963244,Low Consumption
8,5,0.0,5,0,0,0,0,0,0.0,0.06624261410434215,-0.06624261410434215,Low Consumption
7,3,10.0,5,0,0,0,0,0,13.75,7.694034733932591,6.055965266067409,Moderate Consumption
49,20,11.0,27,7,6,1,0,0,101.0625,145.37147941000433,-44.308979410004326,Very High Consumption
3,3,12.0,5,2,1,1,0,0,79.725,73.25114328780043,6.473856712199563,Very High Consumption
10,7,12.0,9,3,1,0,0,0,45.3,60.01318125024361,-14.713181250243615,Very High Consumption
1,10,10.0,3,1,1,0,0,0,9.0625,16.934615041757528,-7.872115041757528,Moderate Consumption
15,6,0.0,20,3,1,0,0,0,0.0,25.64453993933746,-25.64453993933746,High Consumption
9,4,5.0,8,1,0,0,0,0,12.0625,3.975111624647979,8.08738837535202,Low Consumption
21,30,2.0,32,11,3,1,0,0,29.28,48.628862099994315,-19.348862099994314,High Consumption
5,3,6.0,3,3,0,0,0,0,8.8125,13.481092701468024,-4.6685927014680235,Moderate Consumption
3,2,9.0,3,1,0,0,0,0,8.212499999999999,7.222501745211944,0.9899982547880546,Moderate Consumption
7,6,9.0,5,1,1,0,0,0,19.575000000000003,14.933205921830758,4.641794078169244,Moderate Consumption
5,4,8.0,3,2,1,0,0,0,26.399999999999995,18.821802391944214,7.578197608055781,Moderate Consumption
3,4,4.0,5,4,1,0,0,0,23.160000000000004,14.874641554063942,8.285358445936062,Moderate Consumption
3,4,3.0,18,4,2,1,0,0,45.57,40.75868434944414,4.811315650555862,High Consumption
9,6,7.0,6,0,0,0,0,0,3.2375000000000007,4.382859840118205,-1.1453598401182044,Low Consumption
11,6,3.0,8,1,0,0,0,0,4.5,2.9354089813810393,1.5645910186189607,Low Consumption
4,3,0.0,5,2,1,0,0,0,10.38,10.329358012658316,0.05064198734168457,Moderate Consumption
13,8,3.0,10,4,2,1,0,0,29.22000000000001,36.130772601912646,-6.910772601912637,High Consumption
2,1,9.0,4,0,0,1,0,0,22.5,34.15832396713778,-11.658323967137783,High Consumption
6,3,8.0,7,2,1,1,0,0,44.7,44.626732868444364,0.0732671315556388,High Consumption
5,3,3.0,6,0,1,1,0,0,18.72,19.018614208646152,-0.2986142086461534,Moderate Consumption
5,3,24.0,4,0,0,0,0,0,6.6,16.961826886414503,-10.361826886414503,Moderate Consumption
7,8,16.0,13,2,1,1,0,0,131.2,114.87181115838948,16.328188841610512,Very High Consumption
6,4,4.0,15,5,1,1,0,0,47.04,37.917340879434754,9.122659120565245,High Consumption
5,3,12.0,4,3,1,1,0,0,54.675,85.2044310655514,-30.529431065551407,Very High Consumption
3,1,2.0,4,0,0,0,0,0,0.48,0.24614352191579927,0.2338564780842007,Low Consumption
10,5,0.0,5,0,0,0,0,0,0.36,0.06624261410434215,0.2937573858956578,Low Consumption
8,4,2.0,4,0,0,0,0,0,0.8400000000000001,0.24614352191579927,0.5938564780842008,Low Consumption
2,2,12.0,5,2,1,1,0,0,101.55,73.25114328780043,28.298856712199566,Very High Consumption
6,7,2.0,4,0,0,0,0,0,1.29,0.2642248449935467,1.0257751550064533,Low Consumption
29,8,8.0,12,9,9,1,0,0,148.2,130.94984580323816,17.250154196761827,Very High Consumption
1,1,10.0,4,1,1,1,1,4,91.625,97.48216701262352,-5.8571670126235205,Very High Consumption
6,6,18.0,8,4,3,1,1,4,245.8125,262.997566852294,-17.185066852294028,Very High Consumption
2,3,7.0,5,3,2,1,0,0,50.225,51.35959232470857,-1.1345923247085707,Very High Consumption
10,3,4.0,5,1,0,0,0,0,2.43,1.5445724614039789,0.8854275385960213,Low Consumption
3,3,2.0,3,0,0,0,0,0,1.6800000000000002,-0.002796225539422433,1.6827962255394227,Low Consumption
7,4,0.0,6,2,1,0,0,0,8.700000000000001,10.329358012658316,-1.6293580126583151,Moderate Consumption
5,4,4.0,5,1,1,0,0,0,5.16,5.36639196865149,-0.20639196865148968,Moderate Consumption
7,5,5.0,19,4,1,1,0,0,35.75000000000001,37.248372029146054,-1.4983720291460472,High Consumption
9,6,21.0,10,6,2,0,0,0,234.28125,179.62447323416475,54.65677676583525,Very High Consumption
6,7,12.0,5,2,0,0,0,0,33.9,28.108455364041887,5.791544635958111,High Consumption
4,3,12.0,3,2,1,1,0,0,40.95,69.41361048240796,-28.463610482407958,Very High Consumption
5,4,4.0,6,1,1,1,0,0,18.24,21.63730587845404,-3.3973058784540413,High Consumption
5,3,10.0,6,2,1,1,0,0,54.875,53.03842834635636,1.836571653643638,Very High Consumption
8,7,11.0,8,4,1,1,0,0,87.175,82.23757403045069,4.9374259695493095,Very High Consumption
5,3,6.0,3,1,0,0,0,0,8.1,4.004260539920096,4.095739460079904,Low Consumption
2,1,4.0,4,1,0,0,0,0,5.760000000000001,1.7078893822695713,4.052110617730429,Low Consumption
1,1,12.0,5,2,1,1,0,0,48.75,73.25114328780043,-24.50114328780043,Very High Consumption
10,8,1.0,8,5,1,1,0,0,21.180000000000003,34.32590908230255,-13.145909082302548,High Consumption
3,3,7.0,4,0,0,0,0,0,3.0625,4.292791541300555,-1.2302915413005548,Low Consumption
5,4,3.0,6,2,1,0,0,0,15.78,10.329358012658316,5.450641987341683,Moderate Consumption
5,2,0.0,4,0,0,1,0,0,13.26,16.720586189451975,-3.460586189451975,Moderate Consumption
2,1,4.0,2,1,1,0,0,0,4.44,5.2010153591977435,-0.7610153591977431,Moderate Consumption
7,3,5.0,7,3,1,1,0,0,20.40625,28.917474691000095,-8.511224691000095,High Consumption
5,3,6.0,6,2,1,0,0,0,12.9,14.058773095105547,-1.1587730951055466,Moderate Consumption
17,6,10.0,10,0,0,0,0,0,8.5625,11.89495706571555,-3.33245706571555,Moderate Consumption
7,4,10.0,8,4,2,1,1,4,127.5,127.88673981641332,-0.3867398164133249,Very High Consumption
2,2,11.0,8,2,1,1,0,0,71.5,62.609684642806016,8.890315357193984,Very High Consumption
3,5,4.0,8,1,0,0,0,0,12.420000000000002,2.8841503742117665,9.535849625788234,Low Consumption
3,2,0.0,2,0,0,0,0,0,0.66,-0.002998867682843566,0.6629988676828436,Low Consumption
10,4,4.0,6,2,2,1,0,0,39.870000000000005,29.894759260636135,9.97524073936387,High Consumption
1,15,8.0,1,1,1,0,0,0,14.1,12.441659079527474,1.6583409204725257,Moderate Consumption
4,3,3.0,7,0,1,1,0,0,17.52,19.122959358593327,-1.6029593585933277,Moderate Consumption
5,5,5.0,6,1,0,0,0,0,3.1875000000000004,1.70843197333356,1.4790680266664404,Low Consumption
1,2,20.0,7,2,1,1,0,0,89.5,119.8613752630751,-30.361375263075104,Very High Consumption
4,1,14.0,2,1,0,1,0,0,41.475,56.189577735029374,-14.714577735029373,Very High Consumption
7,2,2.0,5,1,1,0,0,0,5.22,5.3349130468639725,-0.11491304686397275,Moderate Consumption
6,10,7.0,13,5,1,1,0,0,83.3875,59.243222390186034,24.14427760981397,Very High Consumption
5,5,7.0,8,2,1,1,0,0,39.11250000000001,39.646169939949736,-0.5336699399497249,High Consumption
7,5,5.0,5,3,1,1,0,0,37.53125,28.307248251285884,9.224001748714116,High Consumption
3,1,9.0,1,1,1,0,0,0,22.725,13.263152374019388,9.461847625980614,Moderate Consumption
11,3,2.0,5,0,1,0,0,0,5.16,3.873167186510199,1.2868328134898013,Low Consumption
4,4,4.0,5,3,1,1,0,0,20.700000000000003,27.05554354611099,-6.355543546110987,High Consumption
8,6,9.0,6,0,0,0,0,0,6.862500000000001,4.899837112886449,1.9626628871135514,Moderate Consumption
9,4,4.0,7,0,0,0,0,0,4.800000000000001,0.0935539819636175,4.706446018036384,Low Consumption
6,7,12.0,9,0,0,0,0,0,19.05,18.606793269464028,0.44320673053597304,Moderate Consumption
3,2,5.0,0,2,1,0,0,0,7.156250000000001,10.596262986190602,-3.4400129861906015,Moderate Consumption
10,6,24.0,4,0,0,0,0,0,4.35,15.101567841091509,-10.751567841091509,Moderate Consumption
6,4,4.0,4,0,0,0,0,0,3.3600000000000003,0.24614352191579927,3.113856478084201,Low Consumption
9,6,0.0,4,0,0,0,0,0,0.0,0.2642248449935467,-0.2642248449935467,Low Consumption
5,8,10.0,11,3,1,1,0,0,82.62500000000001,63.45760466176945,19.167395338230563,Very High Consumption
4,3,15.0,5,4,1,1,0,0,102.0,103.6988298354955,-1.698829835495502,Very High Consumption
8,4,12.0,3,0,0,1,0,0,56.7,53.154094762275015,3.5459052377249876,Very High Consumption
4,4,4.0,9,2,1,0,0,0,11.1,11.990766252343377,-0.8907662523433775,Moderate Consumption
5,4,5.0,9,3,1,1,0,0,30.531250000000004,30.62729202311216,-0.09604202311215815,High Consumption
6,5,24.0,6,3,1,1,0,0,167.4,184.83919070702552,-17.439190707025517,Very High Consumption
14,14,14.0,5,0,0,0,0,0,38.9375,17.239383696109737,21.698116303890263,Moderate Consumption
16,14,2.0,10,6,3,0,0,0,29.820000000000007,32.302577832867215,-2.4825778328672072,High Consumption
4,3,12.0,18,5,1,1,1,4,184.65,177.2365184082913,7.413481591708717,Very High Consumption
4,3,10.0,5,2,1,0,0,0,35.0,27.23148073980748,7.7685192601925195,High Consumption
5,1,3.0,2,2,1,0,0,0,5.430000000000001,10.431328467267514,-5.001328467267514,Moderate Consumption
19,7,6.0,5,2,0,0,0,0,16.05,7.761468502673149,8.28853149732685,Moderate Consumption
5,6,14.0,8,2,1,0,0,0,47.25,38.84131953094708,8.408680469052918,High Consumption
5,3,5.0,5,3,1,1,0,0,20.500000000000004,27.93578907358368,-7.435789073583678,High Consumption
4,4,6.0,5,0,0,1,0,0,17.175,21.723805737262865,-4.548805737262864,High Consumption
6,2,0.0,4,1,1,0,0,0,6.990000000000001,5.450157748796386,1.5398422512036154,Moderate Consumption
5,7,5.0,6,1,1,0,0,0,11.875,5.651931540391069,6.223068459608931,Moderate Consumption
6,2,4.0,4,1,1,0,0,0,7.38,5.450157748796386,1.9298422512036142,Moderate Consumption
16,23,10.0,43,12,3,1,0,0,249.375,160.9534617476278,88.42153825237219,Very High Consumption
2,2,9.0,3,1,0,1,0,0,25.9875,35.939272752078985,-9.951772752078984,High Consumption
4,4,0.0,6,0,0,0,0,0,5.7,0.13089881998338546,5.569101180016615,Low Consumption
4,6,5.0,6,3,1,1,0,0,30.750000000000007,28.76095645355864,1.9890435464413656,High Consumption
2,6,4.0,4,1,4,0,0,0,0.0,19.622038539046276,-19.622038539046276,High Consumption
4,3,8.0,4,0,1,1,0,0,31.7,33.37014492224624,-1.6701449222462408,High Consumption
7,1,6.0,0,1,1,0,0,0,7.575,8.112154053891377,-0.5371540538913768,Moderate Consumption
17,10,0.0,0,0,0,0,0,0,1.2000000000000002,-1.7247538871125585,2.9247538871125585,Low Consumption
9,3,4.0,5,0,1,0,0,0,8.76,3.8250949675770203,4.9349050324229795,Low Consumption
19,6,1.0,5,0,0,0,0,0,1.32,-1.619515484849179,2.939515484849179,Low Consumption
9,5,6.0,6,2,1,1,0,0,44.175,30.833622535671772,13.341377464328225,High Consumption
11,7,0.0,5,0,0,0,0,0,2.1,0.14898014306113286,1.9510198569388673,Low Consumption
5,3,14.0,10,4,1,1,0,0,127.05,111.93155242833939,15.11844757166061,Very High Consumption
7,5,9.0,10,5,3,1,0,0,84.9375,96.80088621990099,-11.863386219900988,Very High Consumption
4,3,1.0,5,2,0,0,0,0,1.2000000000000002,6.587089646131507,-5.387089646131507,Moderate Consumption
4,6,17.0,9,3,1,1,0,0,150.025,114.70023195091878,35.32476804908123,Very High Consumption
5,2,12.0,5,1,0,0,0,0,8.175,21.047763531210954,-12.872763531210953,High Consumption
22,11,1.0,12,6,2,0,0,0,8.940000000000001,27.79813767564034,-18.85813767564034,High Consumption
4,5,5.0,8,1,1,1,0,0,23.25,25.34375407953946,-2.0937540795394582,High Consumption
5,2,5.0,5,0,0,0,0,0,2.5625000000000004,-0.26921431350145425,2.831714313501455,Low Consumption
9,12,3.0,20,1,2,0,0,0,7.98,27.664151390275688,-19.684151390275687,High Consumption
4,3,8.0,5,3,1,1,0,0,57.6,46.35779232778003,11.242207672219969,High Consumption
22,8,21.0,22,8,3,1,0,0,442.575,406.7327066221481,35.84229337785189,Very High Consumption
3,2,6.0,3,1,0,0,0,0,2.1000000000000005,4.004260539920096,-1.9042605399200951,Low Consumption
4,4,6.0,5,3,1,1,0,0,23.025,34.32659446341345,-11.301594463413451,High Consumption
4,1,10.0,2,1,1,0,0,0,20.0,17.072719721800723,2.9272802781992766,Moderate Consumption
15,8,8.0,18,8,5,1,0,0,177.19999999999996,124.41650305365731,52.78349694634265,Very High Consumption
4,3,8.0,6,3,1,1,0,0,62.1,46.35779232778003,15.742207672219969,High Consumption
9,4,12.0,5,3,0,1,0,0,56.55,82.88045722725101,-26.330457227251017,Very High Consumption
6,3,24.0,5,2,1,1,0,0,250.2,145.97271915840318,104.22728084159681,Very High Consumption
4,4,6.0,6,3,1,1,0,0,38.7,34.32659446341345,4.373405536586553,High Consumption
6,4,2.0,5,4,0,0,0,0,15.27,11.304036155977347,3.965963844022653,Moderate Consumption
2,1,0.0,3,0,0,0,0,0,0.0,-0.002796225539422433,0.002796225539422433,Low Consumption
4,3,0.0,5,0,0,0,0,0,0.12,0.13089881998338546,-0.01089881998338546,Low Consumption
7,3,11.0,10,3,2,1,1,4,155.30625,154.6024487682512,0.7038012317487983,Very High Consumption
5,6,6.0,2,1,1,0,0,0,11.325,8.083794529619944,3.2412054703800557,Moderate Consumption
4,4,7.0,4,0,1,0,0,0,9.0125,8.82599787112138,0.18650212887861883,Moderate Consumption
4,10,11.0,5,2,1,0,0,0,53.2125,29.935562604910324,23.276937395089675,High Consumption
7,3,12.0,6,3,1,1,0,0,68.175,85.47034403581237,-17.295344035812377,Very High Consumption
14,8,5.0,10,4,1,1,0,0,25.5625,32.16944996319166,-6.60694996319166,High Consumption
4,3,10.0,15,2,1,1,0,0,75.625,65.23866891014873,10.386331089851268,Very High Consumption
1,20,6.0,1,1,0,1,1,4,52.125,71.66087803292487,-19.53587803292487,Very High Consumption
12,6,12.0,12,6,2,1,0,0,84.3,141.49920431375742,-57.19920431375742,Very High Consumption
10,16,3.0,6,2,1,0,0,0,5.4,11.128325599661181,-5.728325599661181,Moderate Consumption
3,3,5.0,6,1,1,1,0,0,22.062500000000004,22.51755140592673,-0.4550514059267279,High Consumption
5,4,4.0,5,3,2,1,0,0,18.78,33.13815057060066,-14.358150570600657,High Consumption
1,2,3.0,6,2,0,0,0,0,13.92,6.587089646131507,7.332910353868493,Moderate Consumption
6,4,10.0,5,1,1,0,0,0,22.375000000000004,19.196012186102216,3.1789878138977876,High Consumption
6,6,12.0,4,2,2,1,0,0,99.6,88.89567707815186,10.704322921848132,Very High Consumption
7,5,21.0,8,4,1,1,1,4,274.05000000000007,322.6137439366739,-48.56374393667386,Very High Consumption
6,3,11.0,5,1,1,1,1,4,116.25625,114.40988629986647,1.846363700133523,Very High Consumption
3,2,10.0,3,1,0,0,0,0,2.8750000000000004,11.503389332561126,-8.628389332561126,Moderate Consumption
5,2,4.0,3,0,0,0,0,0,1.92,-0.002796225539422433,1.9227962255394224,Low Consumption
7,11,3.0,13,5,2,1,1,4,92.91,86.88080838691995,6.0291916130800445,Very High Consumption
10,7,4.0,4,0,0,0,0,0,0.48,0.2642248449935467,0.21577515500645328,Low Consumption
6,4,15.0,6,4,1,1,0,0,110.8125,102.76594842985844,8.04655157014156,Very High Consumption
8,5,4.0,14,1,0,0,0,0,10.02,6.846328255879945,3.173671744120054,Moderate Consumption
4,3,10.0,4,0,0,0,0,0,4.25,7.552068944487973,-3.3020689444879734,Moderate Consumption
14,4,7.0,6,1,1,1,0,0,25.025,32.73748686792389,-7.712486867923893,High Consumption
5,2,5.0,8,2,1,1,0,0,31.84375,27.14714125952966,4.696608740470339,High Consumption
5,4,2.0,6,4,1,0,0,0,29.700000000000003,14.68258502496043,15.017414975039573,Moderate Consumption
4,3,11.0,10,2,1,0,0,0,37.400000000000006,36.48642391296998,0.9135760870300231,High Consumption
7,6,3.0,20,6,1,0,0,0,40.56,34.277796306951416,6.2822036930485865,High Consumption
5,3,6.0,6,4,1,1,0,0,29.775,36.394429681198005,-6.619429681198007,High Consumption
10,4,12.0,6,1,2,0,0,0,32.25,45.852589064369326,-13.602589064369326,High Consumption
9,5,1.0,1,0,0,0,0,0,0.12,-0.02121422621270336,0.14121422621270335,Low Consumption
4,3,8.0,5,2,1,1,1,4,94.85,82.95650550135072,11.893494498649275,Very High Consumption
7,3,6.0,3,2,1,0,0,0,9.75,13.67831690478962,-3.92831690478962,Moderate Consumption
3,3,5.0,5,2,1,1,0,0,17.375000000000004,24.77194890433984,-7.396948904339837,High Consumption
8,4,1.0,8,4,0,0,0,0,2.16,12.628719133943472,-10.468719133943472,Moderate Consumption
7,6,14.0,12,4,1,1,0,0,74.025,115.35624150492762,-41.33124150492762,Very High Consumption
11,5,0.0,6,3,0,0,0,0,0.0,9.68627360949632,-9.68627360949632,Moderate Consumption
1,1,19.0,2,1,0,0,0,0,7.6,32.20245361979878,-24.60245361979878,High Consumption
3,3,5.0,5,2,1,1,1,4,49.0,56.14132401952294,-7.141324019522941,Very High Consumption
6,3,4.0,6,3,1,1,0,0,19.380000000000003,26.975992405390294,-7.595992405390291,High Consumption
4,3,0.0,4,0,0,0,0,0,1.38,0.24614352191579927,1.1338564780842006,Low Consumption
5,5,4.0,5,0,0,0,0,0,0.99,0.09772153589185956,0.8922784641081405,Low Consumption
1,4,6.0,10,1,1,0,0,0,3.975,13.456470861731951,-9.481470861731951,Moderate Consumption
2,3,0.0,3,1,0,0,0,0,1.2000000000000002,1.4589496348143496,-0.2589496348143494,Low Consumption
5,2,0.0,3,1,1,0,0,0,7.290000000000001,5.201218001341164,2.0887819986588365,Moderate Consumption
5,6,15.0,5,3,1,0,0,0,56.43750000000001,60.83523816610765,-4.397738166107644,Very High Consumption
10,3,10.0,10,3,1,0,0,0,58.75,35.220448476575264,23.529551523424736,High Consumption
2,1,4.0,2,0,0,0,0,0,0.6000000000000001,-0.002998867682843566,0.6029988676828436,Low Consumption
18,8,4.0,15,8,2,1,0,0,39.3,46.348056693158654,-7.048056693158657,High Consumption
3,3,6.0,9,3,1,1,0,0,49.95,37.46618302086758,12.48381697913242,High Consumption
11,5,7.0,8,5,2,1,0,0,38.325,66.59207576672895,-28.26707576672895,Very High Consumption
11,6,10.0,12,3,2,1,0,0,94.125,81.6962896399501,12.428710360049905,Very High Consumption
12,14,4.0,10,4,2,0,0,0,15.72,23.73783327215781,-8.01783327215781,High Consumption
5,5,24.0,10,3,2,1,0,0,114.9,210.7415207474493,-95.8415207474493,Very High Consumption
5,3,7.0,12,4,3,1,0,0,70.17500000000001,63.97597970029141,6.1990202997086,Very High Consumption
3,6,12.0,6,2,1,1,1,4,154.275,144.3801067732988,9.894893226701214,Very High Consumption
7,4,8.0,5,2,2,0,0,0,29.1,36.114905939742286,-7.014905939742285,High Consumption
8,7,4.0,6,0,0,0,0,0,1.8,0.10090792412795396,1.699092075872046,Low Consumption
6,4,7.0,6,4,2,1,0,0,55.34375,53.34787640177243,1.9958735982275684,Very High Consumption
6,4,16.0,8,3,2,1,1,4,250.8,205.73013714853872,45.069862851461295,Very High Consumption
2,2,3.0,5,2,1,1,0,0,21.9,23.699646847763635,-1.7996468477636363,High Consumption
2,1,4.0,4,1,0,0,0,0,2.52,1.7078893822695713,0.8121106177304287,Low Consumption
5,3,18.0,4,1,0,0,0,0,19.2375,34.72792851373722,-15.490428513737218,High Consumption
5,3,7.0,18,3,1,1,0,0,53.900000000000006,48.62717715328629,5.272822846713716,High Consumption
7,4,3.0,8,0,0,1,0,0,15.6,18.438908628586972,-2.8389086285869727,Moderate Consumption
7,2,1.0,2,1,1,0,0,0,3.0600000000000005,5.2010153591977435,-2.141015359197743,Moderate Consumption
2,3,0.0,3,1,0,0,0,0,0.0,1.4589496348143496,-1.4589496348143496,Low Consumption
5,3,4.0,5,3,1,1,0,0,18.84,27.05554354611099,-8.21554354611099,High Consumption
6,1,5.0,2,1,1,1,0,0,23.75,19.527566518321912,4.222433481678088,High Consumption
2,4,6.0,8,4,1,1,1,4,72.75,74.28011725676058,-1.530117256760576,Very High Consumption
15,9,3.0,6,3,1,1,0,0,20.040000000000003,25.75364311857578,-5.713643118575778,High Consumption
4,3,8.0,6,3,1,1,0,0,45.5,46.35779232778003,-0.8577923277800323,High Consumption
1,2,4.0,1,1,0,0,0,0,6.0600000000000005,1.5051878400201122,4.554812159979888,Low Consumption
2,1,7.0,5,1,1,1,0,0,28.74375000000001,33.73673681214488,-4.992986812144874,High Consumption
6,7,6.0,10,0,0,0,0,0,1.575,7.728895161883867,-6.153895161883867,Moderate Consumption
3,2,4.0,6,2,1,0,0,0,19.5,10.521414541761828,8.978585458238172,Moderate Consumption
9,8,4.0,15,0,1,1,0,0,22.44,25.392370337214473,-2.9523703372144716,High Consumption
14,15,4.0,6,0,0,0,0,0,1.2000000000000002,0.01098366023414393,1.1890163397658562,Low Consumption
15,6,8.0,12,1,2,0,0,0,29.3,37.24084926352199,-7.9408492635219865,High Consumption
8,3,10.0,4,0,0,0,0,0,1.875,7.552068944487973,-5.677068944487973,Moderate Consumption
6,5,24.0,9,3,2,1,1,4,321.0,358.7143022837289,-37.7143022837289,Very High Consumption
8,6,0.0,0,0,0,0,0,0,0.0,0.06152330274408736,-0.06152330274408736,Low Consumption
18,9,5.0,15,6,2,0,0,0,34.5,30.5304298560825,3.969570143917501,High Consumption
14,4,3.0,5,0,1,0,0,0,4.62,3.158480224403313,1.4615197755966869,Low Consumption
7,1,12.0,8,0,1,1,0,0,71.4,65.61627844069629,5.783721559303714,Very High Consumption
2,1,8.0,6,0,1,1,0,0,30.8,33.592001394221995,-2.7920013942219946,High Consumption
4,3,4.0,7,2,1,1,0,0,25.53,23.996048526814317,1.5339514731856845,High Consumption
4,2,4.0,10,2,1,0,0,0,11.46,13.15492415702479,-1.69492415702479,Moderate Consumption
10,5,0.0,7,0,0,0,0,0,3.48,0.07696999501775312,3.403030004982247,Low Consumption
4,6,10.0,5,1,1,1,0,0,43.125,49.97402369405406,-6.849023694054061,Very High Consumption
14,4,10.0,5,1,2,1,0,0,41.5,66.22849168478395,-24.728491684783947,Very High Consumption
4,4,9.0,4,3,0,0,0,0,22.6125,21.207901171416513,1.404598828583488,High Consumption
4,4,2.0,6,4,1,1,1,4,43.8,60.04854655646586,-16.24854655646586,Very High Consumption
5,5,5.0,12,3,1,1,0,0,22.875000000000004,33.74410430668653,-10.869104306686527,High Consumption
5,4,4.0,8,1,1,0,0,0,23.010000000000005,6.691074946617622,16.318925053382383,Moderate Consumption
3,3,6.0,13,5,2,1,0,0,46.125,62.179056409522445,-16.054056409522445,Very High Consumption
10,7,24.0,6,0,1,0,0,0,30.6,33.96727554724478,-3.3672755472447804,High Consumption
12,4,2.0,8,0,0,0,0,0,2.8800000000000003,0.7408948358426322,2.1391051641573684,Low Consumption
28,11,17.0,16,11,4,1,0,0,279.4375,268.50033640685433,10.93716359314567,Very High Consumption
1,2,8.0,4,0,0,1,0,0,28.0,28.860986219422728,-0.8609862194227276,High Consumption
7,12,15.0,25,6,3,1,1,4,283.96875,294.3048174574417,-10.336067457441686,Very High Consumption
6,5,4.0,9,2,0,0,0,0,15.0,8.104290539216823,6.895709460783177,Moderate Consumption
7,5,0.0,6,0,0,0,0,0,1.08,0.06624261410434215,1.013757385895658,Low Consumption
9,6,10.0,4,3,1,0,0,0,16.750000000000004,28.366289031668824,-11.61628903166882,High Consumption
2,14,3.0,3,0,0,0,0,0,4.74,1.1018602776039783,3.638139722396022,Low Consumption
4,3,5.0,5,2,2,0,0,0,11.75,17.654482956373187,-5.904482956373187,Moderate Consumption
5,4,4.0,6,2,1,1,0,0,17.7,23.89170337686715,-6.1917033768671494,High Consumption
14,10,5.0,10,2,3,0,0,0,16.25,25.145317318239602,-8.895317318239602,High Consumption
15,28,10.0,30,9,5,0,0,0,163.5,138.41616171469806,25.083838285301937,Very High Consumption
4,1,8.0,5,2,1,0,0,0,28.9,20.89400660695959,8.00599339304041,High Consumption
6,5,0.0,3,0,0,0,0,0,0.7200000000000001,-0.06745243141846577,0.7874524314184659,Low Consumption
10,7,21.0,12,8,3,1,0,0,207.76875,387.3419229300977,-179.5731729300977,Very High Consumption
4,6,2.0,6,2,1,1,0,0,17.94,24.524814227738595,-6.584814227738594,High Consumption
11,6,21.0,12,6,4,1,1,4,315.2625,433.45007074996795,-118.18757074996796,Very High Consumption
6,4,18.0,8,2,1,0,0,0,41.7375,58.409094758625486,-16.67159475862549,Very High Consumption
9,9,4.0,4,1,0,0,0,0,2.19,1.5695820600829535,0.6204179399170464,Low Consumption
9,7,4.0,11,3,2,0,0,0,11.1,23.122904674575206,-12.022904674575207,High Consumption
2,4,6.0,4,0,0,0,0,0,2.7,2.4354358778744216,0.26456412212557856,Low Consumption
9,8,1.0,6,0,0,0,0,0,0.9600000000000002,0.08611335896229572,0.8738866410377044,Low Consumption
6,4,5.0,5,2,1,1,0,0,18.0625,24.692397763619145,-6.6298977636191445,High Consumption
4,5,5.0,5,2,1,0,0,0,22.1875,10.724216584544617,11.463283415455383,Moderate Consumption
8,4,4.0,12,3,1,1,1,4,50.94,68.42245788321699,-17.482457883216995,Very High Consumption
13,5,0.0,3,0,0,0,0,0,1.2000000000000002,-0.6435323102073212,1.8435323102073213,Low Consumption
5,3,6.0,7,1,0,0,0,0,7.875,5.643516078007833,2.231483921992167,Moderate Consumption
2,1,8.0,2,1,0,0,0,0,5.1,5.296149305433212,-0.19614930543321218,Moderate Consumption
6,3,0.0,0,0,0,0,0,0,0.7200000000000001,0.043441979666339975,0.6765580203336601,Low Consumption
7,5,0.0,6,1,1,0,0,0,5.82,5.270256840984929,0.5497431590150716,Moderate Consumption
3,3,7.0,5,0,0,0,0,0,4.2875,4.4443296577611555,-0.15682965776115587,Low Consumption
7,7,0.0,8,0,0,0,0,0,0.0,1.4736631210272666,-1.4736631210272666,Low Consumption
4,2,10.0,5,1,1,0,0,0,12.625,19.275563326822912,-6.650563326822912,High Consumption
3,2,12.0,3,1,1,1,0,0,39.6,63.42904058171054,-23.829040581710537,Very High Consumption
37,8,5.0,7,3,3,0,0,0,0.0,25.6540470886578,-25.6540470886578,High Consumption
2,3,9.0,8,2,4,1,1,4,150.1875,116.88174216259821,33.305757837401785,Very High Consumption
4,8,2.0,6,1,1,0,0,0,5.64,5.290127585842882,0.3498724141571179,Moderate Consumption
6,3,10.0,8,1,1,1,0,0,66.75,51.17000046287089,15.579999537129112,Very High Consumption
9,4,10.0,4,1,1,0,0,0,20.125,18.736325403991078,1.3886745960089222,Moderate Consumption
3,3,12.0,17,4,2,1,1,4,166.35,180.0317595012392,-13.681759501239213,Very High Consumption
2,2,6.0,4,1,1,1,0,0,21.075,27.087955337765973,-6.012955337765973,High Consumption
5,3,0.0,5,0,0,0,0,0,1.74,0.13089881998338546,1.6091011800166146,Low Consumption
6,3,2.0,6,0,0,0,0,0,2.16,0.13089881998338546,2.0291011800166148,Low Consumption
21,9,8.0,8,0,0,0,0,0,6.2,5.256212004117911,0.9437879958820892,Moderate Consumption
1,2,7.0,3,1,0,0,0,0,5.8187500000000005,5.376590850716734,0.44215914928326683,Moderate Consumption
7,5,12.0,6,0,0,0,0,0,7.425,14.730267518377275,-7.305267518377275,Moderate Consumption
7,3,14.0,10,3,1,1,0,0,105.2625,101.06573619430927,4.196763805690736,Very High Consumption
4,6,3.0,4,1,0,0,0,0,2.07,1.725970705347319,0.34402929465268084,Low Consumption
6,5,21.0,8,4,1,1,0,0,167.08125,158.26497109281672,8.816278907183289,Very High Consumption
5,3,6.0,7,1,1,1,0,0,27.0,29.102804493368385,-2.102804493368385,High Consumption
5,4,5.0,6,2,1,0,0,0,5.625,10.788872790423659,-5.1638727904236585,Moderate Consumption
5,4,0.0,4,0,0,0,0,0,1.2000000000000002,0.24614352191579927,0.9538564780842009,Low Consumption
4,3,5.0,4,2,1,1,0,0,31.156250000000004,24.322577113832153,6.83367288616785,High Consumption
4,3,0.0,5,2,0,0,0,0,5.760000000000001,6.587089646131507,-0.8270896461315065,Moderate Consumption
5,3,2.0,7,3,2,1,0,0,42.54,33.05043919144429,9.489560808555709,High Consumption
22,6,7.0,6,0,0,1,0,0,26.775,26.738030589635212,0.036969410364786626,High Consumption
6,4,15.0,12,2,0,1,0,0,94.125,92.42763979758729,1.6973602024127104,Very High Consumption
3,2,24.0,8,1,0,0,0,0,42.3,76.45754793425806,-34.15754793425806,Very High Consumption
13,12,0.0,8,0,0,0,0,0,0.18,1.383738857133457,-1.203738857133457,Low Consumption
7,15,24.0,7,3,1,1,0,0,178.95,189.17396353675414,-10.223963536754155,Very High Consumption
15,6,0.0,12,6,2,0,0,0,57.84,28.336809353403808,29.503190646596195,High Consumption
5,3,17.0,7,3,1,1,0,0,129.4125,110.09212435553417,19.320375644465827,Very High Consumption
5,2,0.0,3,0,0,0,0,0,0.7200000000000001,-0.002796225539422433,0.7227962255394225,Low Consumption
8,4,1.0,12,2,1,0,0,0,2.4000000000000004,14.464511688391363,-12.064511688391363,Moderate Consumption
3,7,18.0,2,0,1,0,0,0,27.0,31.83594342993064,-4.835943429930641,High Consumption
3,1,9.0,3,1,0,1,0,0,27.1125,35.939272752078985,-8.826772752078984,High Consumption
15,9,5.0,8,1,1,1,0,0,22.25,23.904020718684365,-1.6540207186843645,High Consumption
5,2,0.0,4,0,1,0,0,0,8.040000000000001,3.988411888442613,4.051588111557388,Low Consumption
2,4,12.0,4,1,0,0,0,0,6.6,20.50852560837912,-13.90852560837912,High Consumption
22,11,0.0,6,0,0,0,0,0,0.42,-1.769614893459476,2.189614893459476,Low Consumption
3,3,4.0,6,0,0,0,0,0,5.760000000000001,0.1623777417709029,5.597622258229098,Low Consumption
14,16,20.0,22,15,0,1,0,0,407.62500000000006,390.8405651757217,16.784434824278378,Very High Consumption
7,4,4.0,12,2,1,1,0,0,29.700000000000003,28.040923680913245,1.6590763190867577,High Consumption
2,2,5.0,3,2,1,1,0,0,16.125000000000004,21.601426776807518,-5.476426776807514,High Consumption
2,1,8.0,2,1,1,0,0,0,10.8,10.865682336816207,-0.06568233681620583,Moderate Consumption
2,3,1.0,3,2,0,0,0,0,4.5,6.689262742884126,-2.189262742884126,Moderate Consumption
6,8,7.0,11,1,2,0,0,0,12.20625,29.100956418257105,-16.894706418257105,High Consumption
8,3,18.0,8,4,1,0,1,4,171.22500000000002,194.66916515831886,-23.44416515831884,Very High Consumption
9,6,10.0,5,2,0,1,0,0,64.375,52.14557088450258,12.229429115497418,Very High Consumption
3,2,5.0,5,2,1,1,0,0,17.0,24.77194890433984,-7.77194890433984,High Consumption
6,12,21.0,5,2,1,1,0,0,140.70000000000002,142.36200479631313,-1.6620047963131128,Very High Consumption
5,3,4.0,6,0,1,0,0,0,3.6,3.9046461082977166,-0.30464610829771654,Low Consumption
4,3,4.0,5,3,1,1,0,0,21.06,27.05554354611099,-5.995543546110991,High Consumption
1,1,4.0,2,1,0,0,0,0,7.38,1.4587469926709284,5.921253007329072,Low Consumption
6,3,5.0,15,4,1,1,0,0,43.9375,35.83368599745978,8.103814002540219,High Consumption
22,8,0.0,12,7,3,1,0,0,14.94,48.42699100845419,-33.48699100845419,High Consumption
1,4,4.0,2,1,0,0,0,0,2.8800000000000003,1.4587469926709284,1.421253007329072,Low Consumption
11,5,4.0,4,0,0,0,0,0,1.38,0.18148731603675608,1.1985126839632438,Low Consumption
5,2,2.0,2,2,1,0,0,0,4.83,10.431328467267514,-5.601328467267514,Moderate Consumption
12,5,8.0,7,5,3,1,0,0,70.3,88.00006899369515,-17.700068993695155,Very High Consumption
10,7,0.0,11,0,0,0,0,0,1.5600000000000005,3.0510724557449063,-1.4910724557449058,Low Consumption
4,2,11.0,6,2,1,1,0,0,75.075,59.08280625892433,15.992193741075674,Very High Consumption
6,7,0.0,8,0,0,0,0,0,0.0,1.4736631210272666,-1.4736631210272666,Low Consumption
5,3,5.0,8,4,1,1,0,0,28.25,31.500368271831746,-3.2503682718317464,High Consumption
3,4,10.0,8,2,1,1,0,0,65.56250000000001,56.56530673023805,8.997193269761965,Very High Consumption
11,4,0.0,6,0,0,0,0,0,3.5700000000000003,0.13089881998338546,3.439101180016615,Low Consumption
5,7,3.0,5,2,1,1,0,0,19.62,24.524814227738595,-4.904814227738594,High Consumption
5,4,6.0,3,2,0,0,0,0,7.65,9.616661596024095,-1.9666615960240943,Moderate Consumption
10,10,0.0,12,3,3,1,0,0,28.17,42.62982816294864,-14.45982816294864,High Consumption
8,3,8.0,5,2,1,1,0,0,27.95,42.41381008161541,-14.46381008161541,High Consumption
6,3,0.0,3,2,0,0,0,0,4.62,6.689262742884126,-2.069262742884126,Moderate Consumption
6,6,12.0,8,0,2,0,0,0,30.3,44.5298852965521,-14.229885296552101,High Consumption
7,5,4.0,5,6,2,1,0,0,40.92,41.19230893074319,-0.2723089307431863,High Consumption
8,6,5.0,2,3,2,1,1,4,62.40625000000001,72.86176812352946,-10.455518123529451,Very High Consumption
5,4,10.0,5,2,1,0,0,0,19.75,27.23148073980748,-7.4814807398074805,High Consumption
4,4,10.0,6,0,1,1,0,0,46.75,42.07889935683873,4.671100643161267,High Consumption
1,1,4.0,3,1,0,0,0,0,1.8000000000000005,1.4589496348143496,0.3410503651856509,Low Consumption
7,5,6.0,16,5,4,1,0,0,82.3875,72.22265163211863,10.164848367881376,Very High Consumption
1,1,6.0,3,1,1,1,0,0,26.25,24.814209676419914,1.4357903235800862,High Consumption
1,8,9.0,12,3,1,1,0,0,76.725,62.75151036670054,13.973489633299451,Very High Consumption
8,6,4.0,18,7,2,1,0,0,64.2,51.447911042972,12.752088957028,Very High Consumption
6,1,24.0,2,1,1,1,1,4,217.5,276.4732003449168,-58.97320034491679,Very High Consumption
2,2,5.0,5,2,1,0,0,0,6.71875,10.788872790423659,-4.0701227904236585,Moderate Consumption
6,5,15.0,6,2,1,1,0,0,92.625,81.37171170920219,11.253288290797812,Very High Consumption
7,3,2.0,8,3,1,1,0,0,20.700000000000003,28.281787764007376,-7.581787764007373,High Consumption
